  0
SECTION
  2
HEADER
  9
$ACADVER
  1
AC1027
  9
$ACADMAINTVER
 70
105
  9
$DWGCODEPAGE
  3
ANSI_1252
  9
$LASTSAVEDBY
  1
ezdxf
  9
$REQUIREDVERSIONS
160
0
  9
$INSBASE
 10
0.0
 20
0.0
 30
0.0
  9
$EXTMIN
 10
1e+20
 20
1e+20
 30
1e+20
  9
$EXTMAX
 10
-1e+20
 20
-1e+20
 30
-1e+20
  9
$LIMMIN
 10
0.0
 20
0.0
  9
$LIMMAX
 10
420.0
 20
297.0
  9
$ORTHOMODE
 70
0
  9
$REGENMODE
 70
1
  9
$FILLMODE
 70
1
  9
$QTEXTMODE
 70
0
  9
$MIRRTEXT
 70
1
  9
$LTSCALE
 40
1.0
  9
$ATTMODE
 70
1
  9
$TEXTSIZE
 40
2.5
  9
$TRACEWID
 40
1.0
  9
$TEXTSTYLE
  7
Standard
  9
$CLAYER
  8
0
  9
$CELTYPE
  6
ByLayer
  9
$CECOLOR
 62
256
  9
$CELTSCALE
 40
1.0
  9
$DISPSILH
 70
0
  9
$DIMSCALE
 40
1.0
  9
$DIMASZ
 40
2.5
  9
$DIMEXO
 40
0.625
  9
$DIMDLI
 40
3.75
  9
$DIMRND
 40
0.0
  9
$DIMDLE
 40
0.0
  9
$DIMEXE
 40
1.25
  9
$DIMTP
 40
0.0
  9
$DIMTM
 40
0.0
  9
$DIMTXT
 40
2.5
  9
$DIMCEN
 40
2.5
  9
$DIMTSZ
 40
0.0
  9
$DIMTOL
 70
0
  9
$DIMLIM
 70
0
  9
$DIMTIH
 70
0
  9
$DIMTOH
 70
0
  9
$DIMSE1
 70
0
  9
$DIMSE2
 70
0
  9
$DIMTAD
 70
1
  9
$DIMZIN
 70
8
  9
$DIMBLK
  1

  9
$DIMASO
 70
1
  9
$DIMSHO
 70
1
  9
$DIMPOST
  1

  9
$DIMAPOST
  1

  9
$DIMALT
 70
0
  9
$DIMALTD
 70
3
  9
$DIMALTF
 40
0.03937007874
  9
$DIMLFAC
 40
1.0
  9
$DIMTOFL
 70
1
  9
$DIMTVP
 40
0.0
  9
$DIMTIX
 70
0
  9
$DIMSOXD
 70
0
  9
$DIMSAH
 70
0
  9
$DIMBLK1
  1

  9
$DIMBLK2
  1

  9
$DIMSTYLE
  2
ISO-25
  9
$DIMCLRD
 70
0
  9
$DIMCLRE
 70
0
  9
$DIMCLRT
 70
0
  9
$DIMTFAC
 40
1.0
  9
$DIMGAP
 40
0.625
  9
$DIMJUST
 70
0
  9
$DIMSD1
 70
0
  9
$DIMSD2
 70
0
  9
$DIMTOLJ
 70
0
  9
$DIMTZIN
 70
8
  9
$DIMALTZ
 70
0
  9
$DIMALTTZ
 70
0
  9
$DIMUPT
 70
0
  9
$DIMDEC
 70
2
  9
$DIMTDEC
 70
2
  9
$DIMALTU
 70
2
  9
$DIMALTTD
 70
3
  9
$DIMTXSTY
  7
Standard
  9
$DIMAUNIT
 70
0
  9
$DIMADEC
 70
0
  9
$DIMALTRND
 40
0.0
  9
$DIMAZIN
 70
0
  9
$DIMDSEP
 70
44
  9
$DIMATFIT
 70
3
  9
$DIMFRAC
 70
0
  9
$DIMLDRBLK
  1

  9
$DIMLUNIT
 70
2
  9
$DIMLWD
 70
-2
  9
$DIMLWE
 70
-2
  9
$DIMTMOVE
 70
0
  9
$DIMFXL
 40
1.0
  9
$DIMFXLON
 70
0
  9
$DIMJOGANG
 40
0.785398163397
  9
$DIMTFILL
 70
0
  9
$DIMTFILLCLR
 70
0
  9
$DIMARCSYM
 70
0
  9
$DIMLTYPE
  6

  9
$DIMLTEX1
  6

  9
$DIMLTEX2
  6

  9
$DIMTXTDIRECTION
 70
0
  9
$LUNITS
 70
2
  9
$LUPREC
 70
4
  9
$SKETCHINC
 40
1.0
  9
$FILLETRAD
 40
10.0
  9
$AUNITS
 70
0
  9
$AUPREC
 70
2
  9
$MENU
  1
.
  9
$ELEVATION
 40
0.0
  9
$PELEVATION
 40
0.0
  9
$THICKNESS
 40
0.0
  9
$LIMCHECK
 70
0
  9
$CHAMFERA
 40
0.0
  9
$CHAMFERB
 40
0.0
  9
$CHAMFERC
 40
0.0
  9
$CHAMFERD
 40
0.0
  9
$SKPOLY
 70
0
  9
$TDCREATE
 40
2461188.8703587963
  9
$TDUCREATE
 40
2458532.153996898
  9
$TDUPDATE
 40
2461188.8703587963
  9
$TDUUPDATE
 40
2458532.1544311
  9
$TDINDWG
 40
0.0
  9
$TDUSRTIMER
 40
0.0
  9
$USRTIMER
 70
1
  9
$ANGBASE
 50
0.0
  9
$ANGDIR
 70
0
  9
$PDMODE
 70
0
  9
$PDSIZE
 40
0.0
  9
$PLINEWID
 40
0.0
  9
$SPLFRAME
 70
0
  9
$SPLINETYPE
 70
6
  9
$SPLINESEGS
 70
8
  9
$HANDSEED
  5
50
  9
$SURFTAB1
 70
6
  9
$SURFTAB2
 70
6
  9
$SURFTYPE
 70
6
  9
$SURFU
 70
6
  9
$SURFV
 70
6
  9
$UCSBASE
  2

  9
$UCSNAME
  2

  9
$UCSORG
 10
0.0
 20
0.0
 30
0.0
  9
$UCSXDIR
 10
1.0
 20
0.0
 30
0.0
  9
$UCSYDIR
 10
0.0
 20
1.0
 30
0.0
  9
$UCSORTHOREF
  2

  9
$UCSORTHOVIEW
 70
0
  9
$UCSORGTOP
 10
0.0
 20
0.0
 30
0.0
  9
$UCSORGBOTTOM
 10
0.0
 20
0.0
 30
0.0
  9
$UCSORGLEFT
 10
0.0
 20
0.0
 30
0.0
  9
$UCSORGRIGHT
 10
0.0
 20
0.0
 30
0.0
  9
$UCSORGFRONT
 10
0.0
 20
0.0
 30
0.0
  9
$UCSORGBACK
 10
0.0
 20
0.0
 30
0.0
  9
$PUCSBASE
  2

  9
$PUCSNAME
  2

  9
$PUCSORG
 10
0.0
 20
0.0
 30
0.0
  9
$PUCSXDIR
 10
1.0
 20
0.0
 30
0.0
  9
$PUCSYDIR
 10
0.0
 20
1.0
 30
0.0
  9
$PUCSORTHOREF
  2

  9
$PUCSORTHOVIEW
 70
0
  9
$PUCSORGTOP
 10
0.0
 20
0.0
 30
0.0
  9
$PUCSORGBOTTOM
 10
0.0
 20
0.0
 30
0.0
  9
$PUCSORGLEFT
 10
0.0
 20
0.0
 30
0.0
  9
$PUCSORGRIGHT
 10
0.0
 20
0.0
 30
0.0
  9
$PUCSORGFRONT
 10
0.0
 20
0.0
 30
0.0
  9
$PUCSORGBACK
 10
0.0
 20
0.0
 30
0.0
  9
$USERI1
 70
0
  9
$USERI2
 70
0
  9
$USERI3
 70
0
  9
$USERI4
 70
0
  9
$USERI5
 70
0
  9
$USERR1
 40
0.0
  9
$USERR2
 40
0.0
  9
$USERR3
 40
0.0
  9
$USERR4
 40
0.0
  9
$USERR5
 40
0.0
  9
$WORLDVIEW
 70
1
  9
$SHADEDGE
 70
3
  9
$SHADEDIF
 70
70
  9
$TILEMODE
 70
1
  9
$MAXACTVP
 70
64
  9
$PINSBASE
 10
0.0
 20
0.0
 30
0.0
  9
$PLIMCHECK
 70
0
  9
$PEXTMIN
 10
1e+20
 20
1e+20
 30
1e+20
  9
$PEXTMAX
 10
-1e+20
 20
-1e+20
 30
-1e+20
  9
$PLIMMIN
 10
0.0
 20
0.0
  9
$PLIMMAX
 10
420.0
 20
297.0
  9
$UNITMODE
 70
0
  9
$VISRETAIN
 70
1
  9
$PLINEGEN
 70
0
  9
$PSLTSCALE
 70
1
  9
$TREEDEPTH
 70
3020
  9
$CMLSTYLE
  2
Standard
  9
$CMLJUST
 70
0
  9
$CMLSCALE
 40
20.0
  9
$PROXYGRAPHICS
 70
1
  9
$MEASUREMENT
 70
1
  9
$CELWEIGHT
370
-1
  9
$ENDCAPS
280
0
  9
$JOINSTYLE
280
0
  9
$LWDISPLAY
290
0
  9
$INSUNITS
 70
4
  9
$HYPERLINKBASE
  1

  9
$STYLESHEET
  1

  9
$XEDIT
290
1
  9
$CEPSNTYPE
380
0
  9
$PSTYLEMODE
290
1
  9
$FINGERPRINTGUID
  2
{41E268E2-E0BF-4691-93F3-453F5D66F3D7}
  9
$VERSIONGUID
  2
{2794C992-6823-42F0-A0E7-4D3FEC5FC192}
  9
$EXTNAMES
290
1
  9
$PSVPSCALE
 40
0.0
  9
$OLESTARTUP
290
0
  9
$SORTENTS
280
127
  9
$INDEXCTL
280
0
  9
$HIDETEXT
280
1
  9
$XCLIPFRAME
280
1
  9
$HALOGAP
280
0
  9
$OBSCOLOR
 70
257
  9
$OBSLTYPE
280
0
  9
$INTERSECTIONDISPLAY
280
0
  9
$INTERSECTIONCOLOR
 70
257
  9
$DIMASSOC
280
2
  9
$PROJECTNAME
  1

  9
$CAMERADISPLAY
290
0
  9
$LENSLENGTH
 40
50.0
  9
$CAMERAHEIGHT
 40
0.0
  9
$STEPSPERSEC
 40
24.0
  9
$STEPSIZE
 40
100.0
  9
$3DDWFPREC
 40
2.0
  9
$PSOLWIDTH
 40
0.005
  9
$PSOLHEIGHT
 40
0.08
  9
$LOFTANG1
 40
1.570796326795
  9
$LOFTANG2
 40
1.570796326795
  9
$LOFTMAG1
 40
0.0
  9
$LOFTMAG2
 40
0.0
  9
$LOFTPARAM
 70
7
  9
$LOFTNORMALS
280
1
  9
$LATITUDE
 40
37.795
  9
$LONGITUDE
 40
-122.394
  9
$NORTHDIRECTION
 40
0.0
  9
$TIMEZONE
 70
-8000
  9
$LIGHTGLYPHDISPLAY
280
1
  9
$TILEMODELIGHTSYNCH
280
1
  9
$CMATERIAL
347
20
  9
$SOLIDHIST
280
0
  9
$SHOWHIST
280
1
  9
$DWFFRAME
280
2
  9
$DGNFRAME
280
2
  9
$REALWORLDSCALE
290
1
  9
$INTERFERECOLOR
 62
256
  9
$CSHADOW
280
0
  9
$SHADOWPLANELOCATION
 40
0.0
  0
ENDSEC
  0
SECTION
  2
CLASSES
  0
CLASS
  1
ACDBDICTIONARYWDFLT
  2
AcDbDictionaryWithDefault
  3
ObjectDBX Classes
 90
0
 91
0
280
0
281
0
  0
CLASS
  1
SUN
  2
AcDbSun
  3
SCENEOE
 90
1153
 91
0
280
0
281
0
  0
CLASS
  1
VISUALSTYLE
  2
AcDbVisualStyle
  3
ObjectDBX Classes
 90
4095
 91
0
280
0
281
0
  0
CLASS
  1
MATERIAL
  2
AcDbMaterial
  3
ObjectDBX Classes
 90
1153
 91
0
280
0
281
0
  0
CLASS
  1
SCALE
  2
AcDbScale
  3
ObjectDBX Classes
 90
1153
 91
0
280
0
281
0
  0
CLASS
  1
TABLESTYLE
  2
AcDbTableStyle
  3
ObjectDBX Classes
 90
4095
 91
0
280
0
281
0
  0
CLASS
  1
MLEADERSTYLE
  2
AcDbMLeaderStyle
  3
ACDB_MLEADERSTYLE_CLASS
 90
4095
 91
0
280
0
281
0
  0
CLASS
  1
DICTIONARYVAR
  2
AcDbDictionaryVar
  3
ObjectDBX Classes
 90
0
 91
0
280
0
281
0
  0
CLASS
  1
CELLSTYLEMAP
  2
AcDbCellStyleMap
  3
ObjectDBX Classes
 90
1152
 91
0
280
0
281
0
  0
CLASS
  1
MENTALRAYRENDERSETTINGS
  2
AcDbMentalRayRenderSettings
  3
SCENEOE
 90
1024
 91
0
280
0
281
0
  0
CLASS
  1
ACDBDETAILVIEWSTYLE
  2
AcDbDetailViewStyle
  3
ObjectDBX Classes
 90
1025
 91
0
280
0
281
0
  0
CLASS
  1
ACDBSECTIONVIEWSTYLE
  2
AcDbSectionViewStyle
  3
ObjectDBX Classes
 90
1025
 91
0
280
0
281
0
  0
CLASS
  1
RASTERVARIABLES
  2
AcDbRasterVariables
  3
ISM
 90
0
 91
0
280
0
281
0
  0
CLASS
  1
LAYOUT
  2
AcDbLayout
  3
ObjectDBX Classes
 90
0
 91
0
280
0
281
0
  0
CLASS
  1
ACDBPLACEHOLDER
  2
AcDbPlaceHolder
  3
ObjectDBX Classes
 90
0
 91
0
280
0
281
0
  0
ENDSEC
  0
SECTION
  2
TABLES
  0
TABLE
  2
VPORT
  5
8
330
0
100
AcDbSymbolTable
 70
1
  0
VPORT
  5
23
330
8
100
AcDbSymbolTableRecord
100
AcDbViewportTableRecord
  2
*Active
 70
0
 10
0.0
 20
0.0
 11
1.0
 21
1.0
 12
0.0
 22
0.0
 13
0.0
 23
0.0
 14
0.5
 24
0.5
 15
0.5
 25
0.5
 16
0.0
 26
0.0
 36
1.0
 17
0.0
 27
0.0
 37
0.0
 40
1000.0
 41
1.34
 42
50.0
 43
0.0
 44
0.0
 50
0.0
 51
0.0
 71
0
 72
1000
 73
1
 74
3
 75
0
 76
0
 77
0
 78
0
281
0
 65
0
146
0.0
  0
ENDTAB
  0
TABLE
  2
LTYPE
  5
2
330
0
100
AcDbSymbolTable
 70
3
  0
LTYPE
  5
24
330
2
100
AcDbSymbolTableRecord
100
AcDbLinetypeTableRecord
  2
ByBlock
 70
0
  3

 72
65
 73
0
 40
0.0
  0
LTYPE
  5
25
330
2
100
AcDbSymbolTableRecord
100
AcDbLinetypeTableRecord
  2
ByLayer
 70
0
  3

 72
65
 73
0
 40
0.0
  0
LTYPE
  5
26
330
2
100
AcDbSymbolTableRecord
100
AcDbLinetypeTableRecord
  2
Continuous
 70
0
  3

 72
65
 73
0
 40
0.0
  0
ENDTAB
  0
TABLE
  2
LAYER
  5
1
330
0
100
AcDbSymbolTable
 70
7
  0
LAYER
  5
27
330
1
100
AcDbSymbolTableRecord
100
AcDbLayerTableRecord
  2
0
 70
0
 62
7
  6
Continuous
370
-3
390
13
347
21
  0
LAYER
  5
28
330
1
100
AcDbSymbolTableRecord
100
AcDbLayerTableRecord
  2
Defpoints
 70
0
 62
7
  6
Continuous
290
0
370
-3
390
13
347
21
  0
LAYER
  5
2F
330
1
100
AcDbSymbolTableRecord
100
AcDbLayerTableRecord
  2
Cycloid
 70
0
 62
1
  6
Continuous
370
-3
390
13
347
21
  0
LAYER
  5
30
330
1
100
AcDbSymbolTableRecord
100
AcDbLayerTableRecord
  2
Pins
 70
0
 62
3
  6
Continuous
370
-3
390
13
347
21
  0
LAYER
  5
31
330
1
100
AcDbSymbolTableRecord
100
AcDbLayerTableRecord
  2
Eccentric
 70
0
 62
5
  6
Continuous
370
-3
390
13
347
21
  0
LAYER
  5
32
330
1
100
AcDbSymbolTableRecord
100
AcDbLayerTableRecord
  2
DriveCircle
 70
0
 62
6
  6
Continuous
370
-3
390
13
347
21
  0
LAYER
  5
33
330
1
100
AcDbSymbolTableRecord
100
AcDbLayerTableRecord
  2
Center
 70
0
 62
8
  6
Continuous
370
-3
390
13
347
21
  0
ENDTAB
  0
TABLE
  2
STYLE
  5
5
330
0
100
AcDbSymbolTable
 70
1
  0
STYLE
  5
29
330
5
100
AcDbSymbolTableRecord
100
AcDbTextStyleTableRecord
  2
Standard
 70
0
 40
0.0
 41
1.0
 50
0.0
 71
0
 42
2.5
  3
txt
  4

  0
ENDTAB
  0
TABLE
  2
VIEW
  5
7
330
0
100
AcDbSymbolTable
 70
0
  0
ENDTAB
  0
TABLE
  2
UCS
  5
6
330
0
100
AcDbSymbolTable
 70
0
  0
ENDTAB
  0
TABLE
  2
APPID
  5
3
330
0
100
AcDbSymbolTable
 70
3
  0
APPID
  5
2A
330
3
100
AcDbSymbolTableRecord
100
AcDbRegAppTableRecord
  2
ACAD
 70
0
  0
APPID
  5
4D
330
3
100
AcDbSymbolTableRecord
100
AcDbRegAppTableRecord
  2
HATCHBACKGROUNDCOLOR
 70
0
  0
APPID
  5
4E
330
3
100
AcDbSymbolTableRecord
100
AcDbRegAppTableRecord
  2
EZDXF
 70
0
  0
ENDTAB
  0
TABLE
  2
DIMSTYLE
  5
4
330
0
100
AcDbSymbolTable
 70
1
100
AcDbDimStyleTable
  0
DIMSTYLE
105
2B
330
4
100
AcDbSymbolTableRecord
100
AcDbDimStyleTableRecord
  2
Standard
 70
0
 40
1.0
 41
2.5
 42
0.625
 43
3.75
 44
1.25
 45
0.0
 46
0.0
 47
0.0
 48
0.0
 49
2.5
140
2.5
141
2.5
142
0.0
143
0.03937007874
144
1.0
145
0.0
146
1.0
147
0.625
148
0.0
 69
0
 70
0
 71
0
 72
0
 73
0
 74
0
 75
0
 76
0
 77
1
 78
8
 79
3
170
0
171
3
172
1
173
0
174
0
175
0
176
0
177
0
178
0
179
2
271
2
272
2
273
2
274
3
275
0
276
0
277
2
278
44
279
0
280
0
281
0
282
0
283
0
284
8
285
0
286
0
288
0
289
3
290
0
371
-2
372
-2
  0
ENDTAB
  0
TABLE
  2
BLOCK_RECORD
  5
9
330
0
100
AcDbSymbolTable
 70
2
  0
BLOCK_RECORD
  5
17
330
9
100
AcDbSymbolTableRecord
100
AcDbBlockTableRecord
  2
*Model_Space
340
1A
 70
0
280
1
281
0
  0
BLOCK_RECORD
  5
1B
330
9
100
AcDbSymbolTableRecord
100
AcDbBlockTableRecord
  2
*Paper_Space
340
1E
 70
0
280
1
281
0
  0
ENDTAB
  0
ENDSEC
  0
SECTION
  2
BLOCKS
  0
BLOCK
  5
18
330
17
100
AcDbEntity
  8
0
100
AcDbBlockBegin
  2
*Model_Space
 70
0
 10
0.0
 20
0.0
 30
0.0
  3
*Model_Space
  1

  0
ENDBLK
  5
19
330
17
100
AcDbEntity
  8
0
100
AcDbBlockEnd
  0
BLOCK
  5
1C
330
1B
100
AcDbEntity
  8
0
100
AcDbBlockBegin
  2
*Paper_Space
 70
0
 10
0.0
 20
0.0
 30
0.0
  3
*Paper_Space
  1

  0
ENDBLK
  5
1D
330
1B
100
AcDbEntity
  8
0
100
AcDbBlockEnd
  0
ENDSEC
  0
SECTION
  2
ENTITIES
  0
LWPOLYLINE
  5
34
330
17
100
AcDbEntity
  8
Cycloid
100
AcDbPolyline
 90
5000
 70
1
 10
35.0
 20
0.0
 10
35.00037906749084
 20
0.07540587182453726
 10
35.00151534730281
 20
0.15076717301349196
 10
35.003406077956654
 20
0.22603951507990502
 10
35.006046678574066
 20
0.30117887215989236
 10
35.00943078095515
 20
0.37614175816651585
 10
35.013550273886956
 20
0.45088539903147007
 10
35.018395359099
 20
0.5253678985234095
 10
35.023954618136116
 20
0.5995483962357205
 10
35.03021508928961
 20
0.6733872164614667
 10
35.03716235361526
 20
0.7468460068159625
 10
35.044780628974095
 20
0.8198878656245531
 10
35.05305287096092
 20
0.8924774572609273
 10
35.061960879534546
 20
0.9645811147958918
 10
35.071485410136496
 20
1.0361669294941407
 10
35.08160628807695
 20
1.107204826873459
 10
35.09230252498065
 20
1.1776666292135203
 10
35.1035524361173
 20
1.2475261045668187
 10
35.11533375749004
 20
1.3167590024794877
 10
35.12762376162047
 20
1.3853430767724917
 10
35.140399371044765
 20
1.4532580958620154
 10
35.15363726862335
 20
1.5204858412104287
 10
35.167314003861115
 20
1.5870100945950836
 10
35.18140609453563
 20
1.6528166149609032
 10
35.19589012303424
 20
1.7178931056842883
 10
35.21074282690453
 20
1.7822291731206272
 10
35.225941183226126
 20
1.8458162773363713
 10
35.241462486511
 20
1.9086476759402395
 10
35.25728441993506
 20
1.9707183619278295
 10
35.27338511979332
 20
2.0320249964411605
 10
35.289743233153104
 20
2.0925658373209357
 10
35.30633796875579
 20
2.152340664296134
 10
35.32314914128378
 20
2.211350701614511
 10
35.340157209168915
 20
2.269598538870289
 10
35.35734330616851
 20
2.327088050733099
 10
35.3746892669781
 20
2.3838243162266957
 10
35.39217764718359
 20
2.439813538148167
 10
35.409791737882685
 20
2.495062963159654
 10
35.42751557532523
 20
2.549580803025849
 10
35.4453339459348
 20
2.6033761574127654
 10
35.46323238708149
 20
2.6564589386071313
 10
35.481197183977855
 20
2.7088397984619226
 10
35.49921536306676
 20
2.760530057822442
 10
35.51727468226404
 20
2.811541638639466
 10
35.53536361840791
 20
2.8618869989313946
 10
35.553471352255066
 20
2.9115790707164404
 10
35.571587751347636
 20
2.9606312009985163
 10
35.589703351058745
 20
3.0090570958569183
 10
35.60780933410618
 20
3.056870767659811
 10
35.625897508804705
 20
3.1040864853950243
 10
35.64396028630822
 20
3.150718728088522
 10
35.661990657073126
 20
3.1967821412609285
 10
35.67998216675511
 20
3.2422914963555396
 10
35.69792889173192
 20
3.287261653057061
 10
35.71582541442649
 20
3.3317075244087127
 10
35.73366679858662
 20
3.3756440446260427
 10
35.75144856465994
 20
3.4190861394986483
 10
35.769166665387296
 20
3.4620486992657393
 10
35.7868174617216
 20
3.5045465538479146
 10
35.80439769916531
 20
3.5465944503154194
 10
35.8219044846063
 20
3.588207032472374
 10
35.8393352637192
 20
3.6293988224368046
 10
35.85668779898857
 20
3.6701842040975774
 10
35.873960148399334
 20
3.7105774083314387
 10
35.89115064483086
 20
3.7505924998661238
 10
35.9082578761824
 20
3.7902433656788013
 10
35.92528066625016
 20
3.829543704822857
 10
35.942218056369235
 20
3.86850701958011
 10
35.959069287827774
 20
3.90714660783983
 10
35.975833785055435
 20
3.9454755566104884
 10
35.992511139583385
 20
3.9835067365747054
 10
36.00910109476916
 20
4.021252797602541
 10
36.02560353127629
 20
4.058726165142913
 10
36.04201845329547
 20
4.095939037417516
 10
36.05834597549171
 20
4.132903383346182
 10
36.07458631065978
 20
4.1696309411369885
 10
36.09073975806842
 20
4.206133217478775
 10
36.106806692472965
 20
4.242421487277857
 10
36.12278755377408
 20
4.278506793884732
 10
36.13868283730063
 20
4.314399949760379
 10
36.15449308469324
 20
4.350111537535467
 10
36.17021887536539
 20
4.385651911419186
 10
36.1858608185184
 20
4.421031198917813
 10
36.20141954568693
 20
4.456259302826126
 10
36.21689570379162
 20
4.491345903457856
 10
36.23228994867586
 20
4.526300461084002
 10
36.24760293910397
 20
4.5611322185505525
 10
36.262835331198644
 20
4.595850204049508
 10
36.27798777329591
 20
4.630463234019404
 10
36.293060901196675
 20
4.6649799161536585
 10
36.30805533379409
 20
4.69940865249706
 10
36.32297166905713
 20
4.733757642612475
 10
36.33781048035142
 20
4.768034886801685
 10
36.35257231307831
 20
4.802248189365695
 10
36.36725768161514
 20
4.836405161891445
 10
36.381867066539215
 20
4.870513226553102
 10
36.39640091211944
 20
4.904579619417426
 10
36.410859624059874
 20
4.938611393743787
 10
36.42524356748043
 20
4.972615423270531
 10
36.439553065120464
 20
5.0065984054802595
 10
36.45378839575165
 20
5.040566864837592
 10
36.46794979278743
 20
5.074527155993659
 10
36.48203744307662
 20
5.108485466952427
 10
36.49605148586963
 20
5.142447822194565
 10
36.509992011946345
 20
5.176420085755165
 10
36.52385906289503
 20
5.210407964252257
 10
36.537652630532584
 20
5.244417009863479
 10
36.55137265645658
 20
5.278452623248797
 10
36.56501903172034
 20
5.312520056417508
 10
36.578591596622836
 20
5.346624415538212
 10
36.59209014060508
 20
5.380770663690713
 10
36.60551440224616
 20
5.414963623559147
 10
36.61886406935133
 20
5.44920798006588
 10
36.632138779126
 20
5.4835082829460005
 10
36.64533811842907
 20
5.5178689492623825
 10
36.658461624099935
 20
5.552294265861562
 10
36.671508783353644
 20
5.5867883917707815
 10
36.684479034238855
 20
5.621355360536728
 10
36.697371766153985
 20
5.6559990825066135
 10
36.71018632041679
 20
5.690723347052394
 10
36.722921990883144
 20
5.725531824738953
 10
36.735578024611
 20
5.76042806943723
 10
36.74815362256573
 20
5.795415520383313
 10
36.76064794036339
 20
5.830497504184572
 10
36.773060089048414
 20
5.865677236773975
 10
36.7853891359029
 20
5.900957825313766
 10
36.79763410528432
 20
5.936342270049709
 10
36.80979397948904
 20
5.971833466117136
 10
36.8218676996392
 20
6.007434205300074
 10
36.83385416659045
 20
6.043147177744659
 10
36.8457522418583
 20
6.07897497362821
 10
36.85756074856113
 20
6.114920084785133
 10
36.86927847237782
 20
6.150984906291017
 10
36.88090416251834
 20
6.187171738006146
 10
36.89243653270522
 20
6.2234827860797015
 10
36.90387426216495
 20
6.259920164415922
 10
36.91521599662725
 20
6.296485896103414
 10
36.92646034933119
 20
6.3331819148089
 10
36.93760590203674
 20
6.370010066136542
 10
36.94865120604066
 20
6.4069721089540455
 10
36.9595947831955
 20
6.444069716686743
 10
36.970435126930795
 20
6.481304478580717
 10
36.98117070327554
 20
6.518677900936149
 10
36.99179995188077
 20
6.556191408311959
 10
37.00232128704188
 20
6.593846344702777
 10
37.0127330987195
 20
6.6316439746893305
 10
37.02303375355841
 20
6.6695854845632345
 10
37.033221595903925
 20
6.707671983427177
 10
37.04329494881485
 20
6.745904504271471
 10
37.05325211507279
 20
6.784284005027895
 10
37.06309137818699
 20
6.822811369601744
 10
37.07281100339443
 20
6.8614874088829785
 10
37.0824092386546
 20
6.900312861737315
 10
37.09188431563868
 20
6.939288395978094
 10
37.10123445071246
 20
6.978414609319757
 10
37.110457845913125
 20
7.017692030313672
 10
37.11955268991899
 20
7.057121119267112
 10
37.1285171590125
 20
7.096702269146076
 10
37.13734941803561
 20
7.136435806462702
 10
37.14604762133786
 20
7.1763219921479315
 10
37.15460991371648
 20
7.216361022410097
 10
37.16303443134852
 20
7.256553029580074
 10
37.17131930271487
 20
7.296898082943625
 10
37.17946264951571
 20
7.337396189561517
 10
37.18746258757753
 20
7.378047295077991
 10
37.19531722775145
 20
7.4188512845181735
 10
37.20302467680267
 20
7.459807983074893
 10
37.21058303829094
 20
7.500917156885517
 10
37.21799041344197
 20
7.542178513799204
 10
37.22524490200968
 20
7.583591704135128
 10
37.23234460312918
 20
7.625156321432109
 10
37.23928761616037
 20
7.666871903190071
 10
37.24607204152209
 20
7.708737931603801
 10
37.252695981516865
 20
7.750753834289366
 10
37.25915754114598
 20
7.7929189850036344
 10
37.26545482891498
 20
7.8352327043572405
 10
37.27158595762956
 20
7.87769426052137
 10
37.27754904518164
 20
7.9203028699287135
 10
37.283342215325796
 20
7.963057697968933
 10
37.288963598445854
 20
8.005957859678933
 10
37.29441133231167
 20
8.049002420428286
 10
37.299683562826104
 20
8.092190396600053
 10
37.30477844476216
 20
8.135520756267328
 10
37.30969414249013
 20
8.17899241986575
 10
37.31442883069497
 20
8.222604260862246
 10
37.31898069508373
 20
8.266355106420239
 10
37.323347933083035
 20
8.31024373806158
 10
37.327528754526654
 20
8.3542688923254
 10
37.33152138233313
 20
8.398429261424118
 10
37.33532405317351
 20
8.442723493896779
 10
37.338935018129035
 20
8.487150195259957
 10
37.342352543339004
 20
8.531707928656356
 10
37.34557491063854
 20
8.576395215501325
 10
37.34860041818661
 20
8.621210536127421
 10
37.35142738108386
 20
8.66615233042722
 10
37.3540541319807
 20
8.711218998494441
 10
37.35647902167537
 20
8.75640890126364
 10
37.35870041970199
 20
8.801720361148492
 10
37.36071671490889
 20
8.84715166267885
 10
37.3625263160267
 20
8.892701053136712
 10
37.36412765222689
 20
8.938366743191114
 10
37.36551917367003
 20
8.984146907532189
 10
37.36669935204441
 20
9.03003968550436
 10
37.36766668109454
 20
9.076043181738822
 10
37.36841967714001
 20
9.122155466785411
 10
37.36895687958417
 20
9.168374577743887
 10
37.36927685141314
 20
9.214698518894725
 10
37.36937817968487
 20
9.261125262329493
 10
37.36925947600832
 20
9.307652748580878
 10
37.36891937701281
 20
9.354278887252379
 10
37.36835654480748
 20
9.401001557647751
 10
37.367569667431
 20
9.447818609400242
 10
37.36655745929128
 20
9.494727863101655
 10
37.365318661595566
 20
9.541727110931273
 10
37.36385204277051
 20
9.588814117284656
 10
37.36215639887263
 20
9.635986619402406
 10
37.36023055398878
 20
9.683242327998817
 10
37.358073360626946
 20
9.730578927890525
 10
37.3556837000973
 20
9.777994078625126
 10
37.353060482883315
 20
9.82548541510977
 10
37.3502026490033
 20
9.873050548239751
 10
37.34710916836203
 20
9.920687065527115
 10
37.3437790410928
 20
9.968392531729208
 10
37.34021129788952
 20
10.016164489477287
 10
37.3364050003293
 20
10.064000459905062
 10
37.33235924118517
 20
10.11189794327725
 10
37.32807314472918
 20
10.159854419618064
 10
37.32354586702576
 20
10.207867349339683
 10
37.318776596215386
 20
10.255934173870601
 10
37.31376455278861
 20
10.30405231628395
 10
37.308508989850395
 20
10.352219181925658
 10
37.303009193374734
 20
10.400432159042461
 10
37.29726448244982
 20
10.4486886194098
 10
37.29127420951328
 20
10.496985918959455
 10
37.28503776057807
 20
10.545321398406974
 10
37.27855455544857
 20
10.59369238387883
 10
37.271824047927176
 20
10.642096187539265
 10
37.26484572601123
 20
10.690530108216793
 10
37.25761911208046
 20
10.7389914320303
 10
37.250143763074746
 20
10.787477433014725
 10
37.242419270662396
 20
10.835985373746269
 10
37.234445261398875
 20
10.884512505967038
 10
37.22622139687605
 20
10.933056071209183
 10
37.21774737386176
 20
10.981613301418344
 10
37.20902292443008
 20
11.030181419576465
 10
37.20004781608197
 20
11.078757640323861
 10
37.19082185185649
 20
11.127339170580514
 10
37.18134487043254
 20
11.175923210166506
 10
37.171616746221204
 20
11.224506952421567
 10
37.161637389448565
 20
11.273087584823697
 10
37.15140674622919
 20
11.321662289606714
 10
37.14092479863023
 20
11.370228244376758
 10
37.130191564726026
 20
11.41878262272768
 10
37.119207098643464
 20
11.467322594855178
 10
37.10797149059788
 20
11.51584532816969
 10
37.09648486691981
 20
11.56434798790798
 10
37.084747390072124
 20
11.612827737743281
 10
37.072759258658195
 20
11.661281740394017
 10
37.06052070742054
 20
11.709707158230966
 10
37.04803200723035
 20
11.758101153882834
 10
37.035293465067696
 20
11.80646089084015
 10
37.02230542399256
 20
11.85478353405746
 10
37.00906826310664
 20
11.90306625055367
 10
36.99558239750598
 20
11.951306210010504
 10
36.981848278224454
 20
11.999500585369075
 10
36.96786639216811
 20
12.047646553424357
 10
36.953637262040374
 20
12.095741295417623
 10
36.939161446258176
 20
12.143781997626668
 10
36.92443953885901
 20
12.191765851953848
 10
36.90947216939895
 20
12.239690056511733
 10
36.89426000284157
 20
12.28755181620644
 10
36.87880373943803
 20
12.335348343318467
 10
36.863104114597924
 20
12.383076858080997
 10
36.847161898751494
 20
12.430734589255616
 10
36.830977897202565
 20
12.478318774705304
 10
36.81455294997289
 20
12.525826661964711
 10
36.79788793163743
 20
12.57325550880757
 10
36.780983751150835
 20
12.620602583811207
 10
36.76384135166504
 20
12.667865166918094
 10
36.746461710338224
 20
12.715040549994301
 10
36.728845838134795
 20
12.76212603738484
 10
36.71099477961675
 20
12.809118946465814
 10
36.69290961272628
 20
12.856016608193261
 10
36.67459144855972
 20
12.902816367648647
 10
36.65604143113273
 20
12.949515584580944
 10
36.63726073713697
 20
12.996111633945185
 10
36.61825057568813
 20
13.04260190643746
 10
36.59901218806528
 20
13.08898380902623
 10
36.57954684744183
 20
13.135254765479969
 10
36.55985585860786
 20
13.181412216890939
 10
36.539940557684005
 20
13.227453622195183
 10
36.51980231182685
 20
13.273376458688476
 10
36.49944251892592
 20
13.319178222538353
 10
36.47886260729221
 20
13.364856429291999
 10
36.45806403533848
 20
13.410408614380007
 10
36.43704829125101
 20
13.455832333615898
 10
36.41581689265323
 20
13.501125163691357
 10
36.3943713862609
 20
13.546284702667108
 10
36.372713347529185
 20
13.59130857045934
 10
36.35084438029142
 20
13.63619440932166
 10
36.328766116389644
 20
13.68093988432245
 10
36.30648021529714
 20
13.725542683817629
 10
36.28398836373262
 20
13.770000519918664
 10
36.261292275266456
 20
13.814311128955882
 10
36.23839368991878
 20
13.858472271936906
 10
36.215294373749586
 20
13.902481735000213
 10
36.19199611844071
 20
13.946337329863766
 10
36.16850074086996
 20
13.990036894268593
 10
36.14481008267712
 20
14.033578292417317
 10
36.120926009822234
 20
14.076959415407543
 10
36.09685041213575
 20
14.120178181660087
 10
36.072585202861035
 20
14.163232537341873
 10
36.04813231818872
 20
14.206120456783632
 10
36.02349371678361
 20
14.248839942892156
 10
35.998671379303474
 20
14.29138902755718
 10
35.97366730791019
 20
14.333765772052798
 10
35.94848352577318
 20
14.37596826743333
 10
35.92312207656502
 20
14.417994634923652
 10
35.89758502394946
 20
14.459843026303892
 10
35.87187445106165
 20
14.501511624288483
 10
35.84599245998082
 20
14.542998642899452
 10
35.819941171195225
 20
14.584302327834019
 10
35.79372272305958
 20
14.625420956826359
 10
35.76733927124477
 20
14.666352840003508
 10
35.740792988180125
 20
14.70709632023545
 10
35.714086062487986
 20
14.747649773479203
 10
35.68722069841087
 20
14.78801160911701
 10
35.660199115230995
 20
14.828180270288517
 10
35.63302354668233
 20
14.86815423421691
 10
35.60569624035518
 20
14.907932012529034
 10
35.57821945709317
 20
14.947512151569383
 10
35.550595470382866
 20
14.98689323270801
 10
35.52282656573587
 20
15.026073872642264
 10
35.49491504006339
 20
15.06505272369241
 10
35.46686320104345
 20
15.103828474091017
 10
35.438673366480586
 20
15.142399848266166
 10
35.410347863658046
 20
15.180765607118433
 10
35.38188902868262
 20
15.218924548291657
 10
35.35329920582193
 20
15.256875506437398
 10
35.32458074683428
 20
15.294617353473216
 10
35.29573601029105
 20
15.332148998834647
 10
35.26676736089162
 20
15.369469389720884
 10
35.23767716877073
 20
15.406577511334246
 10
35.208467808798446
 20
15.443472387113328
 10
35.17914165987251
 20
15.480153078959905
 10
35.14970110420322
 20
15.516618687459582
 10
35.120148526590725
 20
15.552868352096183
 10
35.09048631369476
 20
15.588901251459912
 10
35.06071685329675
 20
15.624716603449286
 10
35.030842533554306
 20
15.660313665466896
 10
35.00086574224807
 20
15.695691734608953
 10
34.97078886602081
 20
15.730850147848708
 10
34.94061428960888
 20
15.765788282213784
 10
34.91034439506576
 20
15.80050555495735
 10
34.87998156097795
 20
15.835001423723346
 10
34.84952816167289
 20
15.86927538670565
 10
34.81898656641895
 20
15.9033269828013
 10
34.788359138617544
 20
15.937155791757831
 10
34.75764823498716
 20
15.970761434314792
 10
34.726856204739285
 20
16.004143572339434
 10
34.69598538874628
 20
16.037301908956735
 10
34.6650381187009
 20
16.070236188673746
 10
34.63401671626758
 20
16.102946197498433
 10
34.602923492225415
 20
16.13543176305295
 10
34.57176074560257
 20
16.167692754681653
 10
34.54053076280226
 20
16.199729083553688
 10
34.509235816720036
 20
16.231540702760505
 10
34.47787816585235
 20
16.263127607408208
 10
34.44646005339635
 20
16.294489834704983
 10
34.41498370634072
 20
16.325627464043684
 10
34.38345133454743
 20
16.35654061707969
 10
34.351865129824475
 20
16.38722945780422
 10
34.3202272649892
 20
16.417694192613173
 10
34.28853989292232
 20
16.447935070371738
 10
34.25680514561241
 20
16.47795238247491
 10
34.22502513319073
 20
16.50774646290399
 10
34.19320194295622
 20
16.537317688279447
 10
34.161337638390684
 20
16.566666477910115
 10
34.1294342581637
 20
16.595793293839105
 10
34.09749381512746
 20
16.624698640886514
 10
34.06551829530109
 20
16.65338306668928
 10
34.03350965684448
 20
16.681847161738293
 10
34.001469829021296
 20
16.710091559413094
 10
33.96940071115114
 20
16.738116936014407
 10
33.93730417155055
 20
16.76592401079477
 10
33.90518204646281
 20
16.793513545987548
 10
33.87303613897611
 20
16.820886346834616
 10
33.84086821793018
 20
16.848043261613107
 10
33.80868001681096
 20
16.874985181661476
 10
33.776473232633215
 20
16.90171304140521
 10
33.744249524810776
 20
16.9282278183827
 10
33.71201051401432
 20
16.95453053327148
 10
33.67975778101636
 20
16.980622249915346
 10
33.647492865523326
 20
17.00650407535274
 10
33.61521726499428
 20
17.032177159846896
 10
33.582932433446345
 20
17.0576426969181
 10
33.550639780246385
 20
17.082901923378696
 10
33.518340668888754
 20
17.10795611937123
 10
33.486036415758875
 20
17.132806608410334
 10
33.45372828888243
 20
17.157454757428884
 10
33.42141750665981
 20
17.181901976829053
 10
33.38910523658577
 20
17.206149720538818
 10
33.35679259395382
 20
17.230199486074596
 10
33.324480640545254
 20
17.25405281461073
 10
33.29217038330248
 20
17.277711291056434
 10
33.25986277298651
 20
17.301176544141
 10
33.227558702818285
 20
17.324450246508064
 10
33.19525900710359
 20
17.34753411481965
 10
33.16296445984136
 20
17.370429909870914
 10
33.13067577331526
 20
17.393139436716506
 10
33.09839359666806
 20
17.415664544809317
 10
33.06611851445889
 20
17.43800712815277
 10
33.03385104520306
 20
17.460169125467566
 10
33.001591639894066
 20
17.482152520373933
 10
32.969340680508196
 20
17.50395934159056
 10
32.937098478490796
 20
17.525591663151296
 10
32.904865273224885
 20
17.54705160464086
 10
32.87264123048132
 20
17.568341331450817
 10
32.84042644085106
 20
17.589463055057184
 10
32.80822091815894
 20
17.61041903332095
 10
32.77602459785939
 20
17.631211570813043
 10
32.7438373354139
 20
17.65184301916519
 10
32.71165890465034
 20
17.672315777448265
 10
32.679488996104325
 20
17.692632292579766
 10
32.647327215342784
 20
17.712795059762097
 10
32.615173081269866
 20
17.732806622953476
 10
32.58302602441569
 20
17.75266957537328
 10
32.55088538520812
 20
17.772386560043824
 10
32.518750412228044
 20
17.791960270370534
 10
32.48662026044882
 20
17.81139345076263
 10
32.45449398946032
 20
17.830688897296508
 10
32.42237056167842
 20
17.849849458424078
 10
32.39024884054075
 20
17.868878035728507
 10
32.35812758868957
 20
17.887777584729662
 10
32.32600546614303
 20
17.906551115741966
 10
32.29388102845582
 20
17.925201694787205
 10
32.26175272487072
 20
17.943732444565132
 10
32.22961889646258
 20
17.96214654548464
 10
32.19747777427648
 20
17.980447236758497
 10
32.16532747746179
 20
17.9986378175647
 10
32.133166011404626
 20
18.016721648277585
 10
32.10099126586073
 20
18.034702151772038
 10
32.068801013091495
 20
18.052582814804047
 10
32.03659290600618
 20
18.07036718947125
 10
32.00436447631318
 20
18.088058894756884
 10
31.97211313268411
 20
18.10566161816098
 10
31.939836158934362
 20
18.123179117422445
 10
31.90753071222439
 20
18.140615222336073
 10
31.875193821286313
 20
18.157973836668262
 10
31.842822384680705
 20
18.175258940175706
 10
31.810413169089287
 20
18.192474590731056
 10
31.777962807649104
 20
18.20962492655979
 10
31.74546779833499
 20
18.226714168592597
 10
31.71292450239705
 20
18.243746622937586
 10
31.680329142860998
 20
18.26072668347666
 10
31.647677803099374
 20
18.277658834590387
 10
31.614966425482816
 20
18.294547654015865
 10
31.58219081012084
 20
18.3113978158418
 10
31.549346613702667
 20
18.328214093645236
 10
31.516429348449375
 20
18.345001363774013
 10
31.483434381189497
 20
18.361764608779247
 10
31.450356932571076
 20
18.378508921001803
 10
31.417192076424445
 20
18.395239506316422
 10
31.38393473929069
 20
18.411961688037334
 10
31.350579700132133
 20
18.428680910988454
 10
31.31712159024227
 20
18.445402745741365
 10
31.283554893373786
 20
18.46213289302345
 10
31.249873946104763
 20
18.478877188298554
 10
31.216072938464333
 20
18.495641606521588
 10
31.182145914840653
 20
18.512432267068153
 10
31.1480867751956
 20
18.52925543883946
 10
31.11388927661205
 20
18.5461175455419
 10
31.079547035201333
 20
18.563025171139895
 10
31.04505352840027
 20
18.57998506547942
 10
31.010402097688754
 20
18.5970041500785
 10
30.97558595176095
 20
18.614089524079624
 10
30.940598170184817
 20
18.631248470357527
 10
30.905431707586793
 20
18.648488461774054
 10
30.870079398400428
 20
18.66581716757023
 10
30.83453396221962
 20
18.68324245988307
 10
30.798788009799352
 20
18.700772420373116
 10
30.76283404974864
 20
18.71841534694543
 10
30.726664495962545
 20
18.736179760544662
 10
30.69027167584204
 20
18.75407441200133
 10
30.6536478393524
 20
18.772108288903425
 10
30.616785168972633
 20
18.790290622463704
 10
30.579675790590166
 20
18.808630894349292
 10
30.542311785396567
 20
18.82713884343573
 10
30.504685202841475
 20
18.845824472443383
 10
30.466788074702826
 20
18.864698054408837
 10
30.42861243033275
 20
18.883770138939024
 10
30.390150313138374
 20
18.90305155818978
 10
30.351393798357552
 20
18.922553432504948
 10
30.312335012188548
 20
18.942287175645433
 10
30.27296615233218
 20
18.962264499531194
 10
30.23327951000325
 20
18.98249741841189
 10
30.193267493465807
 20
19.002998252374645
 10
30.15292265314382
 20
19.02377963008979
 10
30.11223770835473
 20
19.044854490687356
 10
30.071205575708774
 20
19.06623608464929
 10
30.02981939921029
 20
19.087937973593828
 10
29.988072582090634
 20
19.10997402882045
 10
29.945958820393315
 20
19.132358428475435
 10
29.903472138321874
 20
19.155105653190088
 10
29.860606925349746
 20
19.178230480035715
 10
29.817357975077748
 20
19.20174797463237
 10
29.773720525810013
 20
19.225673481241213
 10
29.72969030280205
 20
19.250022610664764
 10
29.68526356211609
 20
19.27481122577401
 10
29.640437135997693
 20
19.30005542447787
 10
29.59520847966488
 20
19.325771519948063
 10
29.549575719376108
 20
19.351976017912293
 10
29.50353770161639
 20
19.378685590829832
 10
29.45709404321186
 20
19.405917048768302
 10
29.410245182152455
 20
19.433687306806615
 10
29.36299242886978
 20
19.46201334879936
 10
29.31533801768327
 20
19.490912187351032
 10
29.267285158092708
 20
19.520400819865728
 10
29.218838085559103
 20
19.550496180558895
 10
29.170002111379798
 20
19.581215088343665
 10
29.12078367122724
 20
19.61257419053425
 10
29.071190371885628
 20
19.644589902344244
 10
29.02123103568557
 20
19.677278342197887
 10
28.970915742105145
 20
19.710655262917616
 10
28.920255865976912
 20
19.744735978901822
 10
28.869264111715836
 20
19.779535289462217
 10
28.81795454296315
 20
19.81506739855024
 10
28.76634260702753
 20
19.851345831166814
 10
28.71444515349782
 20
19.888383346817694
 10
28.66228044640326
 20
19.926191850448262
 10
28.609868169307013
 20
19.964782301365048
 10
28.55722942273946
 20
20.004164620725653
 10
28.50438671340869
 20
20.0443475982532
 10
28.451363934668503
 20
20.08533879890381
 10
28.398186337778977
 20
20.12714447028518
 10
28.34488049356201
 20
20.169769451688303
 10
28.291474244133894
 20
20.213217085651948
 10
28.237996644488916
 20
20.257489133028248
 10
28.18447789381161
 20
20.302585692555343
 10
28.13094925650955
 20
20.34850512596887
 10
28.077442973082345
 20
20.395243989694805
 10
28.02399216107408
 20
20.442796974161496
 10
27.970630706493623
 20
20.491156851746467
 10
27.91739314622812
 20
20.54031443433327
 10
27.864314542116507
 20
20.590258541393915
 10
27.811430347489004
 20
20.640975979433904
 10
27.758776267113237
 20
20.69245153353901
 10
27.706388111613073
 20
20.74466797164684
 10
27.654301647541068
 20
20.79760606203329
 10
27.60255244438493
 20
20.851244604355728
 10
27.551175719871225
 20
20.905560474433656
 10
27.500206184991864
 20
20.960528682776534
 10
27.449677890219604
 20
21.016122446690655
 10
27.399624074395362
 20
21.072313275615482
 10
27.350077017762352
 20
21.129071069159718
 10
27.301067900588826
 20
21.186364227130642
 10
27.252626668762844
 20
21.24415977068278
 10
27.204781907660323
 20
21.302423473555912
 10
27.157560725482657
 20
21.36112000223252
 10
27.11098864713478
 20
21.420213063723253
 10
27.06508951957155
 20
21.47966555958909
 10
27.019885429382597
 20
21.5394397447329
 10
26.975396633216917
 20
21.59949738944146
 10
26.931641501472733
 20
21.65979994313403
 10
26.88863647549831
 20
21.72030869827438
 10
26.84639603837056
 20
21.780984952929153
 10
26.804932699143535
 20
21.841790170506464
 10
26.76425699029133
 20
21.90268613528151
 10
26.724377477914267
 20
21.963635102409555
 10
26.685300784133922
 20
22.024599941237582
 10
26.647031620976442
 20
22.08554427085157
 10
26.609572834933793
 20
22.14643258693314
 10
26.572925461302955
 20
22.20723037914414
 10
26.53708878733178
 20
22.267904238407393
 10
26.502060423149324
 20
22.328421953602724
 10
26.467836379426444
 20
22.388752597346674
 10
26.4344111506991
 20
22.448866600669533
 10
26.40177780329062
 20
22.508735816541304
 10
26.36992806678903
 20
22.568333572327663
 10
26.33885242806931
 20
22.627634711375656
 10
26.308540226896643
 20
22.686615624035564
 10
26.278979752203064
 20
22.745254268519552
 10
26.250158338194655
 20
22.803530182077967
 10
26.22206245951742
 20
22.861424483041567
 10
26.194677824785224
 20
22.91891986433127
 10
26.167989467851317
 20
22.97600057907765
 10
26.14198183628379
 20
23.032652419020717
 10
26.116638876583806
 20
23.088862686376743
 10
26.091944115762015
 20
23.144620159865262
 10
26.067880738962476
 20
23.199915055585393
 10
26.044431662893338
 20
23.2547389834188
 10
26.0215796048891
 20
23.30908489961728
 10
25.999307147489972
 20
23.362947056207403
 10
25.977596798478853
 20
23.416320947814217
 10
25.956431046366564
 20
23.469203256471832
 10
25.93579241135964
 20
23.52159179495094
 10
25.91566349188385
 20
23.57348544909444
 10
25.89602700676962
 20
23.62488411961141
 10
25.876865833233424
 20
23.675788663738857
 10
25.858163040812286
 20
23.72620083713978
 10
25.839901921426932
 20
23.77612323636589
 10
25.822066015763212
 20
23.825559242174606
 10
25.80463913617197
 20
23.874512963952284
 10
25.787605386293997
 20
23.922989185460413
 10
25.77094917762102
 20
23.970993312087828
 10
25.754655243204137
 20
24.01853131976074
 10
25.738708648720465
 20
24.06560970563362
 10
25.723094801104914
 20
24.112235440657177
 10
25.70779945494954
 20
24.158415924095593
 10
25.692808716866388
 20
24.20415894004311
 10
25.678109048002348
 20
24.249472615970678
 10
25.66368726488641
 20
24.294365383315604
 10
25.649530538780652
 20
24.33884594011201
 10
25.635626393697148
 20
24.382923215646382
 10
25.62196270323333
 20
24.42660633711075
 10
25.608527686368504
 20
24.469904598216544
 10
25.595309902354796
 20
24.51282742972331
 10
25.582298244825953
 20
24.55538437183005
 10
25.569481935238215
 20
24.597585048371148
 10
25.556850515748238
 20
24.6394391427543
 10
25.54439384162443
 20
24.680956375574887
 10
25.53210207327939
 20
24.72214648383843
 10
25.519965668003326
 20
24.7630192017214
 10
25.507975371470756
 20
24.80358424279974
 10
25.496122209085403
 20
24.84385128367417
 10
25.48439747722174
 20
24.883829948921736
 10
25.472792734415208
 20
24.92352979730385
 10
25.46129979254737
 20
24.962960309162096
 10
25.449910708066735
 20
25.00213087493485
 10
25.438617773281234
 20
25.041050784729148
 10
25.427413507753336
 20
25.079729218884665
 10
25.41629064982502
 20
25.118175239468357
 10
25.405242148295628
 20
25.156397782640962
 10
25.394261154272236
 20
25.194405651838757
 10
25.38334101320904
 20
25.232207511716332
 10
25.372475257149258
 20
25.269811882798763
 10
25.361657597180553
 20
25.307227136793895
 10
25.350881916112574
 20
25.344461492517976
 10
25.34014226138318
 20
25.38152301239025
 10
25.32943283819798
 20
25.418419599454545
 10
25.31874800290627
 20
25.455158994888176
 10
25.30808225661481
 20
25.491748775960822
 10
25.29743023903987
 20
25.528196354408106
 10
25.286786722596535
 20
25.56450897518686
 10
25.276146606723565
 20
25.600693715580924
 10
25.265504912440996
 20
25.63675748462859
 10
25.25485677713718
 20
25.67270702284419
 10
25.24419744958124
 20
25.70854890220861
 10
25.233522285156287
 20
25.74428952640486
 10
25.222826741308573
 20
25.77993513127665
 10
25.212106373207117
 20
25.815491785489208
 10
25.201356829608326
 20
25.850965391373407
 10
25.190573848919666
 20
25.88636168593516
 10
25.179753255456482
 20
25.921686242013774
 10
25.168890955885836
 20
25.956944469573806
 10
25.15798293585113
 20
25.992141617116364
 10
25.147025256771464
 20
26.02728277319674
 10
25.136014052809323
 20
26.062372868036245
 10
25.124945528000545
 20
26.09741667521715
 10
25.113815953540445
 20
26.132418813450478
 10
25.102621665220003
 20
26.167383748407136
 10
25.091359061006152
 20
26.20231579460377
 10
25.08002459876036
 20
26.237219117335393
 10
25.068614794089775
 20
26.272097734647435
 10
25.057126218325287
 20
26.306955519340598
 10
25.045555496621127
 20
26.341796201002403
 10
25.033899306170635
 20
26.37662336805984
 10
25.022154374533045
 20
26.411440469848124
 10
25.010317478066334
 20
26.446250818690903
 10
24.99838544046117
 20
26.481057591987803
 10
24.98635513137141
 20
26.51586383430544
 10
24.97422346513656
 20
26.5506724594686
 10
24.961987399591724
 20
26.58548625264845
 10
24.949643934961003
 20
26.620307872445053
 10
24.937190112830123
 20
26.655139852961657
 10
24.92462301519453
 20
26.689984605868677
 10
24.911939763578996
 20
26.72484442245524
 10
24.899137518225327
 20
26.759721475666744
 10
24.886213477344562
 20
26.794617822126707
 10
24.873164876430415
 20
26.82953540414175
 10
24.859988987630686
 20
26.864476051688428
 10
24.84668311917367
 20
26.899441484380915
 10
24.833244614846546
 20
26.93443331341877
 10
24.819670853523007
 20
26.969453043513905
 10
24.805959248737395
 20
27.004502074796292
 10
24.792107248302756
 20
27.039581704697838
 10
24.778112333970473
 20
27.074693129814026
 10
24.763972021128893
 20
27.10983744774304
 10
24.749683858538987
 20
27.14501565890217
 10
24.735245428104633
 20
27.18022866832127
 10
24.72065434467565
 20
27.21547728741331
 10
24.705908255881525
 20
27.250762235721833
 10
24.691004841994037
 20
27.28608414264555
 10
24.67594181581688
 20
27.321443549139975
 10
24.660716922600752
 20
27.356840909396368
 10
24.64532793998206
 20
27.392276592498
 10
24.629772677943965
 20
27.427750884054106
 10
24.614048978797975
 20
27.46326398781163
 10
24.598154717184975
 20
27.49881602724504
 10
24.582087800094165
 20
27.534407047124574
 10
24.56584616689862
 20
27.57003701506305
 10
24.549427789406423
 20
27.605705823041774
 10
24.53283067192595
 20
27.64141328891561
 10
24.51605285134446
 20
27.677159157897865
 10
24.499092397218714
 20
27.712943104024987
 10
24.48194741187677
 20
27.748764731601767
 10
24.464616030529886
 20
27.784623576627194
 10
24.447096421393724
 20
27.820519108201395
 10
24.42938678581787
 20
27.856450729914048
 10
24.411485358422937
 20
27.89241778121463
 10
24.393390407244375
 20
27.92841953876485
 10
24.375100233882357
 20
27.964455217773715
 10
24.356613173656847
 20
28.00052397331543
 10
24.337927595767404
 20
28.036624901630773
 10
24.31904190345679
 20
28.072757041412014
 10
24.299954534178035
 20
28.10891937507195
 10
24.2806639597642
 20
28.14511082999733
 10
24.261168686600325
 20
28.181330279787016
 10
24.24146725579706
 20
28.21757654547523
 10
24.221558243365415
 20
28.2538483967403
 10
24.201440260392193
 20
28.29014455309906
 10
24.181111953215627
 20
28.326463685087504
 10
24.160572003600798
 20
28.362804415427675
 10
24.139819128914382
 20
28.3991653201814
 10
24.11885208229838
 20
28.43554492989106
 10
24.097669652842438
 20
28.471941730707588
 10
24.076270665754354
 20
28.508354165506184
 10
24.054653982528524
 20
28.54478063498987
 10
24.032818501111922
 20
28.581219498781255
 10
24.01076315606732
 20
28.6176690765027
 10
23.988486918733514
 20
28.65412764884519
 10
23.965988797382217
 20
28.69059345862618
 10
23.94326783737136
 20
28.727064711836586
 10
23.92032312129461
 20
28.76353957867723
 10
23.897153769126785
 20
28.800016194584906
 10
23.873758938364983
 20
28.83649266124835
 10
23.85013782416524
 20
28.872967047614242
 10
23.82628965947447
 20
28.909437390883554
 10
23.802213715157475
 20
28.94590169749833
 10
23.777909300118928
 20
28.98235794411911
 10
23.75337576142009
 20
29.01880407859332
 10
23.728612484390073
 20
29.055238020914548
 10
23.703618892731598
 20
29.09165766417312
 10
23.678394448621
 20
29.12806087549795
 10
23.652938652802362
 20
29.164445496990023
 10
23.627251044675752
 20
29.20080934664737
 10
23.601331202379235
 20
29.237150219281972
 10
23.575178742864768
 20
29.27346588742857
 10
23.5487933219677
 20
29.30975410224552
 10
23.522174634469906
 20
29.346012594407835
 10
23.495322414156277
 20
29.38223907499256
 10
23.468236433864753
 20
29.41843123635653
 10
23.440916505529508
 20
29.454586753006698
 10
23.413362480217444
 20
29.490703282463006
 10
23.385574248157795
 20
29.526778466114088
 10
23.357551738764798
 20
29.562809930065693
 10
23.329294920653425
 20
29.598795285982
 10
23.300803801647998
 20
29.634732131919968
 10
23.27207842878379
 20
29.670618053156698
 10
23.243118888301375
 20
29.706450623009886
 10
23.213925305633857
 20
29.74222740365155
 10
23.184497845386872
 20
29.777945946914887
 10
23.15483671131123
 20
29.813603795094508
 10
23.124942146268307
 20
29.84919848174003
 10
23.094814432188123
 20
29.884727532443044
 10
23.06445389001994
 20
29.920188465617564
 10
23.033860879675622
 20
29.955578793273926
 10
23.00303579996543
 20
29.990896021786263
 10
22.971979088526517
 20
30.02613765265352
 10
22.940691221743833
 20
30.061301183254084
 10
22.909172714663743
 20
30.09638410759402
 10
22.877424120900024
 20
30.13138391704894
 10
22.845446032532493
 20
30.166298101099574
 10
22.81323907999809
 20
30.201124148061023
 10
22.780803931974546
 20
30.235859545805678
 10
22.74814129525651
 20
30.270501782479904
 10
22.715251914624258
 20
30.305048347214385
 10
22.682136572704906
 20
30.33949673082828
 10
22.648796089826174
 20
30.373844426527057
 10
22.6152313238627
 20
30.408088930594058
 10
22.581443170074934
 20
30.442227743075815
 10
22.547432560940575
 20
30.476258368461146
 10
22.513200465978667
 20
30.510178316353915
 10
22.47874789156622
 20
30.543985102139516
 10
22.444075880747572
 20
30.57767624764515
 10
22.409185513036334
 20
30.611249281793693
 10
22.374077904210022
 20
30.644701741251335
 10
22.338754206097455
 20
30.678031171068866
 10
22.303215606358815
 20
30.711235125316648
 10
22.267463328258515
 20
30.744311167713153
 10
22.231498630430853
 20
30.777256872247236
 10
22.19532280663849
 20
30.81006982379389
 10
22.158937185523808
 20
30.842747618723696
 10
22.1223431303531
 20
30.875287865505733
 10
22.0855420387538
 20
30.907688185304092
 10
22.04853534244458
 20
30.93994621256781
 10
22.011324506958513
 20
30.972059595614386
 10
21.973911031359282
 20
31.00402599720664
 10
21.93629644795046
 20
31.035843095123106
 10
21.898482321977944
 20
31.06750858272166
 10
21.860470251325562
 20
31.099020169496672
 10
21.8222618662039
 20
31.13037558162936
 10
21.78385882883241
 20
31.161572562531486
 10
21.74526283311486
 20
31.192608873382298
 10
21.706475604308064
 20
31.22348229365869
 10
21.667498898684155
 20
31.254190621658587
 10
21.62833450318623
 20
31.28473167501739
 10
21.58898423507755
 20
31.315103291217632
 10
21.549449941584335
 20
31.34530332809163
 10
21.50973349953212
 20
31.375329664317256
 10
21.469836814975903
 20
31.405180199906614
 10
21.429761822823888
 20
31.43485285668778
 10
21.389510486455166
 20
31.464345578779323
 10
21.349084797331127
 20
31.49365633305789
 10
21.30848677460086
 20
31.522783109618455
 10
21.267718464700476
 20
31.551723922227488
 10
21.22678194094651
 20
31.5804768087688
 10
21.185679303123305
 20
31.60903983168221
 10
21.14441267706468
 20
31.637411078394784
 10
21.102984214229725
 20
31.665588661744753
 10
21.061396091272858
 20
31.693570720398036
 10
21.01965050960827
 20
31.721355419257318
 10
20.977749694968715
 20
31.74894094986366
 10
20.935695896958826
 20
31.776325530790473
 10
20.893491388602868
 20
31.80350740803006
 10
20.851138465887153
 20
31.830484855372493
 10
20.80863944729711
 20
31.857256174776794
 10
20.765996673349036
 20
31.883819696734484
 10
20.72321250611665
 20
31.910173780625346
 10
20.68028932875253
 20
31.93631681506543
 10
20.63722954500442
 20
31.962247218247295
 10
20.59403557872661
 20
31.98796343827229
 10
20.550709873386275
 20
32.01346395347496
 10
20.507254891564983
 20
32.03874727273959
 10
20.46367311445544
 20
32.06381193580872
 10
20.419967041353427
 20
32.088656513583544
 10
20.37613918914509
 20
32.11327960841642
 10
20.33219209178966
 20
32.13767985439515
 10
20.288128299797588
 20
32.1618559176192
 10
20.243950379704273
 20
32.18580649646763
 10
20.19966091353936
 20
32.20953032185898
 10
20.15526249829171
 20
32.23302615750271
 10
20.11075774537014
 20
32.25629280014248
 10
20.066149280059967
 20
32.279329079791076
 10
20.021439740975428
 20
32.30213385995686
 10
19.976631779508054
 20
32.324706037862
 10
19.93172805927106
 20
32.347044544652086
 10
19.886731255539843
 20
32.369148345597345
 10
19.841644054688626
 20
32.39101644028538
 10
19.796469153623335
 20
32.412647862805244
 10
19.751209259210704
 20
32.434041681923084
 10
19.705867087703904
 20
32.455197001249005
 10
19.66044536416441
 20
32.476112959395394
 10
19.614946821880498
 20
32.49678873012654
 10
19.569374201782235
 20
32.51722352249948
 10
19.523730251853152
 20
32.53741658099618
 10
19.47801772653854
 20
32.557367185646854
 10
19.432239386150595
 20
32.57707465214452
 10
19.3863979962703
 20
32.59653833195069
 10
19.34049632714626
 20
32.615757612392194
 10
19.29453715309043
 20
32.63473191674909
 10
19.248523251870957
 20
32.653460704333646
 10
19.202457404101953
 20
32.671943470560365
 10
19.156342392630513
 20
32.690179747007
 10
19.110181001920925
 20
32.70816910146658
 10
19.06397601743607
 20
32.725911137990344
 10
19.017730225016187
 20
32.74340549692166
 10
18.971446410255002
 20
32.7606518549208
 10
18.92512735787328
 20
32.77764992498062
 10
18.87877585108984
 20
32.794399456433055
 10
18.832394670990155
 20
32.81090023494647
 10
18.785986595892478
 20
32.827152082513834
 10
18.73955440071165
 20
32.843154857431614
 10
18.69310085632061
 20
32.85890845426945
 10
18.64662872890957
 20
32.874412803830616
 10
18.60014077934309
 20
32.889667873103114
 10
18.553639762514855
 20
32.9046736652015
 10
18.507128426700458
 20
32.91943021929937
 10
18.46060951290797
 20
32.93393761055252
 10
18.414085754226562
 20
32.948195950012725
 10
18.367559875173132
 20
32.96220538453208
 10
18.32103459103683
 20
32.97596609665806
 10
18.274512607221848
 20
32.989478304519025
 10
18.227996618588154
 20
33.00274226170034
 10
18.181489308790432
 20
33.01575825711107
 10
18.13499334961515
 20
33.028526614841134
 10
18.088511400315866
 20
33.041047694009066
 10
18.042046106946643
 20
33.05332188860016
 10
17.99560010169383
 20
33.06534962729518
 10
17.94917600220597
 20
33.077131373289546
 10
17.902776410922037
 20
33.088667624102875
 10
17.856403914397973
 20
33.09995891137913
 10
17.81006108263145
 20
33.111005800677034
 10
17.763750468384966
 20
33.12180889125106
 10
17.717474606507274
 20
33.132368815822666
 10
17.671236013253043
 20
33.14268624034214
 10
17.625037185600895
 20
33.15276186374062
 10
17.57888060056966
 20
33.162596417672674
 10
17.532768714533034
 20
33.172190666249136
 10
17.486703962532367
 20
33.18154540576043
 10
17.44068875758782
 20
33.19066146439009
 10
17.39472549000775
 20
33.19953970191885
 10
17.348816526696222
 20
33.20818100941892
 10
17.302964210458846
 20
33.21658630893866
 10
17.25717085930664
 20
33.224756553177656
 10
17.211438765758096
 20
33.23269272515207
 10
17.165770196139263
 20
33.240395837850365
 10
17.120167389881935
 20
33.247866933879386
 10
17.074632558819715
 20
33.255107085100754
 10
17.029167886482107
 20
33.26211739225764
 10
16.98377552738637
 20
33.26889898459186
 10
16.93845760632727
 20
33.27545301945133
 10
16.893216217664445
 20
33.281780681887895
 10
16.84805342460751
 20
33.28788318424551
 10
16.80297125849864
 20
33.293761765738786
 10
16.7579717180927
 20
33.29941769202196
 10
16.713056768834683
 20
33.30485225474816
 10
16.66822834213444
 20
33.31006677111919
 10
16.623488334638598
 20
33.31506258342567
 10
16.578838607499463
 20
33.31984105857759
 10
16.53428098564089
 20
33.32440358762541
 10
16.48981725702093
 20
33.328751585271476
 10
16.445449171891106
 20
33.33288648937211
 10
16.401178442052206
 20
33.33680976043004
 10
16.35700674010643
 20
33.340522881077504
 10
16.3129356987057
 20
33.3440273555499
 10
16.268966909796003
 20
33.347324709149916
 10
16.22510192385752
 20
33.35041648770253
 10
16.18134224914047
 20
33.35330425700042
 10
16.137689350896327
 20
33.355989602240285
 10
16.094144650604285
 20
33.35847412744988
 10
16.050709525192755
 20
33.360759454905796
 10
16.00738530625562
 20
33.362847224542136
 10
15.964173279263063
 20
33.36473909335016
 10
15.921074682766616
 20
33.366436734768804
 10
15.878090707598329
 20
33.367941838066365
 10
15.835222496063638
 20
33.36925610771318
 10
15.792471141127686
 20
33.37038126274558
 10
15.74983768559487
 20
33.37131903612115
 10
15.70732312128119
 20
33.37207117406518
 10
15.664928388179172
 20
33.372639435408836
 10
15.622654373614958
 20
33.37302559091869
 10
15.580501911397281
 20
33.37323142261799
 10
15.53847178095788
 20
33.37325872309983
 10
15.496564706483053
 20
33.37310929483207
 10
15.454781356035884
 20
33.37278494945449
 10
15.413122340668844
 20
33.372287507068066
 10
15.371588213526161
 20
33.37161879551665
 10
15.330179468935736
 20
33.37078064966124
 10
15.288896541489954
 20
33.36977491064692
 10
15.247739805115073
 20
33.36860342516284
 10
15.206709572128585
 20
33.3672680446952
 10
15.165806092284116
 20
33.3657706247738
 10
15.12502955180331
 20
33.36411302421204
 10
15.084380072394174
 20
33.36229710434095
 10
15.043857710255281
 20
33.36032472823727
 10
15.003462455065325
 20
33.35819775994614
 10
14.963194228957368
 20
33.35591806369844
 10
14.923052885477178
 20
33.35348750312341
 10
14.883038208525083
 20
33.35090794045672
 10
14.84314991128056
 20
33.34818123574444
 10
14.803387635109043
 20
33.34530924604336
 10
14.763750948450111
 20
33.342293824618146
 10
14.724239345686483
 20
33.33913682013572
 10
14.684852245992932
 20
33.33584007585746
 10
14.64558899216455
 20
33.33240542882975
 10
14.606448849423401
 20
33.32883470907351
 10
14.567431004202955
 20
33.32512973877323
 10
14.528534562909352
 20
33.32129233146637
 10
14.489758550658754
 20
33.317324291233604
 10
14.45110190998991
 20
33.31322741189107
 10
14.412563499551078
 20
33.309003476184856
 10
14.374142092760428
 20
33.304654254989266
 10
14.335836376439026
 20
33.30018150650932
 10
14.297644949415501
 20
33.295586975488725
 10
14.259566321101472
 20
33.290872392424276
 10
14.22159891003679
 20
33.28603947278799
 10
14.18374104240366
 20
33.28108991625791
 10
14.145990950508692
 20
33.27602540595923
 10
14.10834677123193
 20
33.27084760771678
 10
14.070806544441878
 20
33.26555816932065
 10
14.033368211375562
 20
33.26015871980623
 10
13.99602961298267
 20
33.254650868750616
 10
13.958788488232821
 20
33.24903620558702
 10
13.921642472385024
 20
33.243316298938936
 10
13.88458909521831
 20
33.237492695976464
 10
13.84762577922276
 20
33.23156692179656
 10
13.81074983774991
 20
33.225540478829686
 10
13.773958473121702
 20
33.219414846275235
 10
13.737248774697202
 20
33.213191479568316
 10
13.700617716896211
 20
33.20687180988071
 10
13.664062157179112
 20
33.20045724365869
 10
13.627578833982186
 20
33.19394916220119
 10
13.59116436460788
 20
33.18734892128107
 10
13.554815243069413
 20
33.18065785081353
 10
13.518527837889303
 20
33.17387725457496
 10
13.482298389851525
 20
33.167008409976305
 10
13.446123009706975
 20
33.16005256789507
 10
13.409997675832226
 20
33.15301095257047
 10
13.373918231841616
 20
33.14588476156614
 10
13.337880384152857
 20
33.13867516580569
 10
13.301879699506602
 20
33.13138330968599
 10
13.265911602440562
 20
33.12401031127394
 10
13.229971372719053
 20
33.11655726259249
 10
13.194054142718993
 20
33.10902523000204
 10
13.158154894773826
 20
33.101415254683815
 10
13.122268458476972
 20
33.09372835323207
 10
13.086389507946906
 20
33.085965518362286
 10
13.050512559056274
 20
33.078127719743144
 10
13.014631966627789
 20
33.07021590496019
 10
12.978741921600365
 20
33.06223100061978
 10
12.942836448169118
 20
33.05417391360199
 10
12.906909400903652
 20
33.046045532472164
 10
12.87095446184958
 20
33.03784672906054
 10
12.834965137618845
 20
33.029578360220526
 10
12.798934756475154
 20
33.02124126977614
 10
12.762856465421649
 20
33.01283629067017
 10
12.7267232272987
 20
33.004364247324375
 10
12.69052781790073
 20
32.99582595822446
 10
12.654262823121835
 20
32.98722223874224
 10
12.617920636141257
 20
32.9785539042084
 10
12.581493454660638
 20
32.96982177324964
 10
12.544973278206573
 20
32.96102667140447
 10
12.508351905513022
 20
32.95216943503232
 10
12.471620931999894
 20
32.94325091553141
 10
12.434771747365412
 20
32.934271983880755
 10
12.397795533311815
 20
32.92523353552269
 10
12.36068326142555
 20
32.91613649560207
 10
12.323425691235197
 20
32.90698182457913
 10
12.286013368472329
 20
32.897770524233074
 10
12.248436623562808
 20
32.88850364407328
 10
12.210685570378276
 20
32.879182288176
 10
12.172750105280203
 20
32.86980762246345
 10
12.134619906491345
 20
32.86038088244283
 10
12.09628443383242
 20
32.85090338142224
 10
12.057732928864642
 20
32.84137651922022
 10
12.018954415481874
 20
32.83180179138494
 10
11.979937700999422
 20
32.82218079893862
 10
11.94067137778989
 20
32.81251525866154
 10
11.901143825519965
 20
32.802807013928955
 10
11.861343214045762
 20
32.79305804611279
 10
11.821257507028042
 20
32.783270486558166
 10
11.780874466332493
 20
32.773446629142775
 10
11.740181657284348
 20
32.763588943424686
 10
11.699166454850332
 20
32.75370008838117
 10
11.657816050825284
 20
32.74378292673821
 10
11.616117462104572
 20
32.73384053988599
 10
11.574057540127525
 20
32.72387624337202
 10
11.531622981580876
 20
32.713893602958265
 10
11.48880034045499
 20
32.70389645122334
 10
11.445576041549018
 20
32.69388890468472
 10
11.40193639552443
 20
32.68387538140917
 10
11.357867615609013
 20
32.67386061907219
 10
11.313355836055807
 20
32.66384969341867
 10
11.268387132463186
 20
32.65384803706854
 10
11.222947544063162
 20
32.64386145860067
 10
11.177023098085343
 20
32.63389616183827
 10
11.13059983630297
 20
32.623958765247096
 10
11.083663843865665
 20
32.614056321345686
 10
11.036201280520157
 20
32.60419633601384
 10
10.988198414315626
 20
32.59438678757147
 10
10.939641657883866
 20
32.58463614548554
 10
10.890517607376296
 20
32.574953388547584
 10
10.840813084129493
 20
32.565348022348665
 10
10.790515179118552
 20
32.55583009586219
 10
10.739611300242435
 20
32.54641021692907
 10
10.688089222468031
 20
32.537099566422874
 10
10.635937140839166
 20
32.52790991085678
 10
10.583143726333327
 20
32.51885361317793
 10
10.529698184522525
 20
32.50994364148017
 10
10.475590316964713
 20
32.50119357535194
 10
10.420810585219268
 20
32.49261760956385
 10
10.365350177343547
 20
32.484230554789704
 10
10.309201076687774
 20
32.47604783504717
 10
10.252356132762738
 20
32.46808548153843
 10
10.194809133908663
 20
32.460360122569995
 10
10.13655488144509
 20
32.45288896923249
 10
10.077589264930634
 20
32.445689796528676
 10
10.017909338108426
 20
32.43878091964925
 10
9.957513395059223
 20
32.43218116511365
 10
9.896401046029123
 20
32.42590983651712
 10
9.834573292344928
 20
32.419986674655156
 10
9.77203259977679
 20
32.414431811834035
 10
9.708782969657541
 20
32.4092657202207
 10
9.644830007020811
 20
32.404509154137585
 10
9.580180984978437
 20
32.400183086267155
 10
9.514844904521626
 20
32.39630863779836
 10
9.448832548903003
 20
32.39290700262097
 10
9.382156531737651
 20
32.38999936575413
 10
9.314831337954004
 20
32.38760681628181
 10
9.246873356729349
 20
32.38575025515848
 10
9.178300905563017
 20
32.38445029834245
 10
9.10913424467218
 20
32.38372717581064
 10
9.039395580943623
 20
32.38360062710433
 10
8.969109060738226
 20
32.384089794150334
 10
8.89830075092584
 20
32.38521311219217
 10
8.826998607624425
 20
32.386988199750085
 10
8.755232432230557
 20
32.389431748605105
 10
8.683033814455325
 20
32.39255941486655
 10
8.610436062221524
 20
32.396385712234945
 10
8.537474118430286
 20
32.40092390860886
 10
8.464184464768216
 20
32.406185927203296
 10
8.390605012894593
 20
32.41218225334868
 10
8.31677498352143
 20
32.41892184811981
 10
8.24273477407132
 20
32.426412069904345
 10
8.168525815768245
 20
32.434658604959296
 10
8.094190421177904
 20
32.44366540792234
 10
8.019771623366468
 20
32.45343465314254
 10
7.945313007982619
 20
32.463966697575216
 10
7.870858539687363
 20
32.475260055848416
 10
7.796452384453795
 20
32.487311387957746
 10
7.722138729333524
 20
32.50011549988383
 10
7.647961601335379
 20
32.51366535725717
 10
7.573964687083988
 20
32.52795211202066
 10
7.500191154920083
 20
32.54296514186576
 10
7.426683481071098
 20
32.55869210204693
 10
7.353483281460342
 20
32.57511898901484
 10
7.280631150637424
 20
32.59223021515555
 10
7.208166509203462
 20
32.61000869378313
 10
7.1361274609749135
 20
32.628435933410266
 10
7.0645506609824436
 20
32.64749214021731
 10
6.993471195239891
 20
32.667156327557244
 10
6.922922473046622
 20
32.687406431272464
 10
6.85293613240837
 20
32.70821942956046
 10
6.783541958981017
 20
32.729571466109114
 10
6.714767818762162
 20
32.75143797522754
 10
6.6466396045806775
 20
32.773793807724566
 10
6.579181196267604
 20
32.7966133563319
 10
6.512414434235851
 20
32.8198706795312
 10
6.446359106053387
 20
32.84353962272125
 10
6.38103294546695
 20
32.86759393575093
 10
6.316451643222216
 20
32.892007385942044
 10
6.252628868932526
 20
32.91675386583304
 10
6.189576303172446
 20
32.9418074949843
 10
6.12730367891421
 20
32.96714271529905
 10
6.06581883138434
 20
32.992734379425386
 10
6.0051277553935325
 20
33.018557831915665
 10
5.945234669184083
 20
33.044588982924466
 10
5.8861420838448115
 20
33.07080437432675
 10
5.82785087736119
 20
33.09718123823049
 10
5.770360372398051
 20
33.12369754794331
 10
5.713668416950713
 20
33.15033206152866
 10
5.6577714670469055
 20
33.17706435815451
 10
5.6026646707345815
 20
33.203874867495436
 10
5.548341952647947
 20
33.23074489249757
 10
5.494796098504436
 20
33.25765662585577
 10
5.44201883894765
 20
33.28459316058315
 10
5.39000093221407
 20
33.311538495076384
 10
5.338732245163786
 20
33.3384775330949
 10
5.288201832276507
 20
33.365396079081364
 10
5.238398012273097
 20
33.39228082925226
 10
5.189308442079031
 20
33.41911935888487
 10
5.14092018789919
 20
33.44590010621864
 10
5.093219793222849
 20
33.472612353377095
 10
5.046193343623303
 20
33.4992462047014
 10
4.999826528258263
 20
33.52579256286847
 10
4.954104698014783
 20
33.552243103146864
 10
4.909012920276206
 20
33.57859024612195
 10
4.86453603031835
 20
33.604827129199556
 10
4.820658679368197
 20
33.63094757717396
 10
4.7773653793807895
 20
33.65694607212327
 10
4.734640544609104
 20
33.68281772287131
 10
4.692468530057554
 20
33.70855823423352
 10
4.650833666922836
 20
33.734163876241055
 10
4.609720295136137
 20
33.759631453517066
 10
4.569112793128693
 20
33.78495827495823
 10
4.528995604948465
 20
33.81014212385573
 10
4.48935326485957
 20
33.83518122857169
 10
4.4501704195582725
 20
33.860074233870264
 10
4.4114318481400385
 20
33.884820172987155
 10
4.373122479951567
 20
33.90941844050671
 10
4.335227410460174
 20
33.93386876610292
 10
4.297731915270122
 20
33.95817118918819
 10
4.260621462412393
 20
33.982326034503686
 10
4.223881723030393
 20
34.00633388867455
 10
4.187498580579651
 20
34.030195577745246
 10
4.151458138654872
 20
34.053912145702206
 10
4.115746727552638
 20
34.077484833984435
 10
4.080350909672823
 20
34.10091506197674
 10
4.045257483856551
 20
34.124204408475
 10
4.010453488753081
 20
34.14735459410895
 10
3.9759262053027307
 20
34.1703674647035
 10
3.941663158417692
 20
34.19324497555744
 10
3.9076521179373622
 20
34.21598917661492
 10
3.8738810989298695
 20
34.238602198503614
 10
3.8403383614065083
 20
34.26108623941176
 10
3.8070124095111892
 20
34.28344355277471
 10
3.773891990242423
 20
34.305676435741276
 10
3.7409660917611323
 20
34.3277872183891
 10
3.7082239413334195
 20
34.34977825365828
 10
3.675655002953598
 20
34.371651907972335
 10
3.6432489746890817
 20
34.39341055251566
 10
3.6109957857852857
 20
34.41505655513702
 10
3.5788855935654516
 20
34.436592272849076
 10
3.546908780157245
 20
34.458020044894425
 10
3.515055949075129
 20
34.47934218634946
 10
3.4833179216848773
 20
34.500560982238056
 10
3.4516857335740854
 20
34.52167868212773
 10
3.4201506308502747
 20
34.54269749518225
 10
3.388704066386019
 20
34.56361958564518
 10
3.3573376960285928
 20
34.58444706872973
 10
3.3260433747897475
 20
34.6051820068919
 10
3.2948131530296627
 20
34.625826406463844
 10
3.263639272647453
 20
34.64638221462647
 10
3.232514163289218
 20
34.666851316700175
 10
3.201430438583446
 20
34.68723553373461
 10
3.1703808924121573
 20
34.707536620378235
 10
3.139358495225353
 20
34.727756263010384
 10
3.1083563904050764
 20
34.747896078118586
 10
3.077367890684753
 20
34.76795761090533
 10
3.04638647462839
 20
34.78794233410899
 10
3.0154057831737315
 20
34.80785164702469
 10
2.9844196162425365
 20
34.82768687471122
 10
2.953421929420789
 20
34.847449267371566
 10
2.922406830710841
 20
34.867139999894604
 10
2.891368577357276
 20
34.88676017154675
 10
2.860301572747522
 20
34.90631080580274
 10
2.829200363388192
 20
34.925792850305335
 10
2.798059635957424
 20
34.945207176944564
 10
2.766874214433502
 20
34.964554582047526
 10
2.7356390572994886
 20
34.98383578667017
 10
2.7043492548235646
 20
35.00305143698347
 10
2.673000026414389
 20
35.02220210474621
 10
2.6415867180507564
 20
35.04128828785791
 10
2.610104799784487
 20
35.060310410984876
 10
2.578549863315551
 20
35.07926882625371
 10
2.5469176196380827
 20
35.098163814006355
 10
2.515203896756058
 20
35.1169955836115
 10
2.4834046374670953
 20
35.13576427432713
 10
2.4515158972130084
 20
35.154469956210015
 10
2.419533841995421
 20
35.173112631067205
 10
2.3874547463549796
 20
35.19169223344609
 10
2.3552749914123847
 20
35.21020863165883
 10
2.322991062969713
 20
35.22866162883783
 10
2.2905995496701896
 20
35.24705096401897
 10
2.2580971412149053
 20
35.26537631324953
 10
2.2254806266345875
 20
35.28363729071794
 10
2.19274689261486
 20
35.30183344990282
 10
2.159892921873257
 20
35.31996428473879
 10
2.126915791586312
 20
35.33802923079675
 10
2.09381267186507
 20
35.356027666476706
 10
2.060580824277389
 20
35.37395891421095
 10
2.0272176004153994
 20
35.391822241675946
 10
1.993720440506543
 20
35.40961686301119
 10
1.9600868720666251
 20
35.42734194004354
 10
1.9263145085933484
 20
35.44499658351551
 10
1.892401048298816
 20
35.4625798543163
 10
1.858344272879552
 20
35.48009076471427
 10
1.8241420463225904
 20
35.49752827958972
 10
1.7897923137462386
 20
35.51489131766705
 10
1.7552931002741445
 20
35.53217875274522
 10
1.7206425099413334
 20
35.54938941492568
 10
1.6858387246309365
 20
35.56652209183701
 10
1.6508800030403248
 20
35.58357552985546
 10
1.615764679675449
 20
35.600548435320725
 10
1.580491163872178
 20
35.617439475746416
 10
1.545057938843497
 20
35.63424728102451
 10
1.5094635607514368
 20
35.65097044462342
 10
1.4737066578026554
 20
35.66760752477907
 10
1.4377859293666169
 20
35.68415704567872
 10
1.4017001451153612
 20
35.70061749863693
 10
1.3654481441838686
 20
35.71698734326351
 10
1.3290288343500745
 20
35.73326500862304
 10
1.2924411912336162
 20
35.74944889438563
 10
1.2556842575124292
 20
35.765537371968804
 10
1.2187571421562873
 20
35.781528785670176
 10
1.1816590196765666
 20
35.79742145379058
 10
1.1443891293913047
 20
35.813213669747874
 10
1.1069467747048678
 20
35.82890370318073
 10
1.0693313224014545
 20
35.84448980104268
 10
1.0315422019517246
 20
35.859970188686106
 10
0.9935789048318586
 20
35.87534307093604
 10
0.9554409838543829
 20
35.890606633153816
 10
0.9171280525101244
 20
35.905759042290285
 10
0.8786397843206635
 20
35.920798447928775
 10
0.839975912200722
 20
35.93572298331749
 10
0.801136227829875
 20
35.95053076639146
 10
0.7621205810330611
 20
35.96521990078396
 10
0.72292887916937
 20
35.979788476827295
 10
0.6835610865285839
 20
35.99423457254311
 10
0.6440172237349862
 20
36.00855625462191
 10
0.6042973671579703
 20
36.022751579392164
 10
0.56440164832902
 20
36.0368185937786
 10
0.5243302533645979
 20
36.05075533624996
 10
0.4840834223945487
 20
36.06455983775614
 10
0.44366144899560744
 20
36.07823012265468
 10
0.40306467962965065
 20
36.09176420962663
 10
0.3622935130863141
 20
36.1051601125819
 10
0.3213483999296227
 20
36.11841584155399
 10
0.28022984194830647
 20
36.13152940358417
 10
0.23893839160948627
 20
36.144498803595084
 10
0.19747465151542154
 20
36.157322045254034
 10
0.15583927386301633
 20
36.16999713182552
 10
0.11403295990581741
 20
36.18252206701352
 10
0.07205645941823824
 20
36.19489485579332
 10
0.029910570161746364
 20
36.20711350523286
 10
-0.012403862647224706
 20
36.219176025303796
 10
-0.054885946867865076
 20
36.2310804296822
 10
-0.09753474396433326
 20
36.24282473653895
 10
-0.14034926953397164
 20
36.25440696931985
 10
-0.1833284938347317
 20
36.26582515751545
 10
-0.22647134231187938
 20
36.27707733742075
 10
-0.2697766961242216
 20
36.28816155288464
 10
-0.3132433926700031
 20
36.299075856049186
 10
-0.35687022611263997
 20
36.30981830807881
 10
-0.400655947906444
 20
36.32038697987936
 10
-0.44459926732248123
 20
36.33077995280705
 10
-0.4886988519746973
 20
36.340995319367494
 10
-0.5329533283464452
 20
36.35103118390454
 10
-0.5773612823175305
 20
36.36088566327925
 10
-0.6219212596918879
 20
36.370556887538825
 10
-0.6666317667259998
 20
36.38004300057563
 10
-0.7114912706581493
 20
36.38934216077629
 10
-0.756498200238612
 20
36.398452541660866
 10
-0.8016509462608568
 20
36.40737233251215
 10
-0.8469478620938524
 20
36.416099738995165
 10
-0.8923872642155435
 20
36.42463298376675
 10
-0.9379674327475662
 20
36.43297030707539
 10
-0.9836866119912742
 20
36.44110996735118
 10
-1.0295430109651185
 20
36.44905024178615
 10
-1.0755348039434485
 20
36.45678942690463
 10
-1.1216601309967675
 20
36.464325839124015
 10
-1.1679170985334961
 20
36.471657815305825
 10
-1.2143037798432799
 20
36.478783713296885
 10
-1.2608182156418586
 20
36.48570191246098
 10
-1.307458414617554
 20
36.49241081420079
 10
-1.354222353979372
 20
36.49890884246997
 10
-1.4011079800067598
 20
36.50519444427594
 10
-1.448113208601011
 20
36.51126609017264
 10
-1.495235925838394
 20
36.51712227474387
 10
-1.542473988524879
 20
36.52276151707696
 10
-1.5898252247526306
 20
36.52818236122684
 10
-1.6372874344581607
 20
36.53338337667044
 10
-1.6848583899821676
 20
36.538363158751565
 10
-1.7325358366310608
 20
36.54312032911612
 10
-1.7803174932401626
 20
36.547653536137844
 10
-1.8282010527385681
 20
36.55196145533434
 10
-1.8761841827156518
 20
36.55604278977367
 10
-1.9242645259892175
 20
36.55989627047131
 10
-1.9724397011752357
 20
36.563520656777584
 10
-2.0207073032591945
 20
36.56691473675558
 10
-2.069064904168986
 20
36.5700773275494
 10
-2.117510053349358
 20
36.57300727574307
 10
-2.1660402783378334
 20
36.575703457709785
 10
-2.21465308534213
 20
36.57816477995162
 10
-2.263345959819004
 20
36.58039017942984
 10
-2.312116367054495
 20
36.58237862388558
 10
-2.36096175274552
 20
36.58412911215104
 10
-2.40987954358281
 20
36.585640674451234
 10
-2.4588671478350985
 20
36.58691237269617
 10
-2.507921955934549
 20
36.58794330076359
 10
-2.557041341063364
 20
36.588732584772146
 10
-2.6062226597415394
 20
36.58927938334518
 10
-2.6554632524156823
 20
36.58958288786491
 10
-2.704760444048877
 20
36.589642322717246
 10
-2.7541115447115274
 20
36.589456945527104
 10
-2.8035138501731156
 20
36.589026047384124
 10
-2.852964642494836
 20
36.588348953059146
 10
-2.9024611906230344
 20
36.58742502121102
 10
-2.9520007509833928
 20
36.58625364458409
 10
-3.0015805680758207
 20
36.58483425019616
 10
-3.0511978750699322
 20
36.583166299516975
 10
-3.1008498944011764
 20
36.58124928863743
 10
-3.150533838367341
 20
36.5790827484291
 10
-3.200246909725597
 20
36.57666624469456
 10
-3.249986302289873
 20
36.57399937830808
 10
-3.2997492015285257
 20
36.57108178534712
 10
-3.349532785162271
 20
36.56791313721415
 10
-3.399334223762237
 20
36.5644931407493
 10
-3.4491506813481623
 20
36.56082153833347
 10
-3.498979315986583
 20
36.556898107982086
 10
-3.548817280388991
 20
36.552722663429435
 10
-3.5986617225098643
 20
36.54829505420366
 10
-3.64850978614452
 20
36.5436151656924
 10
-3.6983586115266807
 20
36.53868291919897
 10
-3.7482053359257312
 20
36.53349827198925
 10
-3.798047094243529
 20
36.528061217329274
 10
-3.847881019610761
 20
36.52237178451335
 10
-3.897704243982713
 20
36.51643003888295
 10
-3.9475138987344076
 20
36.51023608183625
 10
-3.997307115255027
 20
36.50379005082833
 10
-4.047081025541548
 20
36.49709211936214
 10
-4.096832762791495
 20
36.49014249697006
 10
-4.146559461994767
 20
36.482941429186326
 10
-4.196258260524416
 20
36.47548919751005
 10
-4.245926298726349
 20
36.467786119359054
 10
-4.295560720507833
 20
36.45983254801447
 10
-4.3451586739247485
 20
36.45162887255603
 10
-4.394717311767508
 20
36.44317551778821
 10
-4.444233792145566
 20
36.43447294415717
 10
-4.493705279070423
 20
36.42552164765838
 10
-4.543128943037079
 20
36.416322159735216
 10
-4.592501961603807
 20
36.4068750471683
 10
-4.641821519970273
 20
36.39718091195569
 10
-4.6910848115537345
 20
36.38724039118395
 10
-4.740289038563459
 20
36.37705415689012
 10
-4.789431412573149
 20
36.36662291591444
 10
-4.838509155091318
 20
36.35594740974422
 10
-4.887519498129562
 20
36.34502841434835
 10
-4.93645968476864
 20
36.333866740002996
 10
-4.985326969722289
 20
36.32246323110808
 10
-5.034118619898689
 20
36.31081876599477
 10
-5.0828319149595025
 20
36.298934256723996
 10
-5.131464147876435
 20
36.28681064887595
 10
-5.180012625485208
 20
36.27444892133053
 10
-5.228474669036895
 20
36.26185008603895
 10
-5.276847614746531
 20
36.249015187786306
 10
-5.325128814338938
 20
36.2359453039452
 10
-5.373315635591674
 20
36.22264154422056
 10
-5.4214054628750485
 20
36.20910505038541
 10
-5.4693956976891265
 20
36.195336996007924
 10
-5.517283759197649
 20
36.18133858616946
 10
-5.565067084758807
 20
36.16711105717392
 10
-5.6127431304527855
 20
36.1526556762481
 10
-5.6603093716060195
 20
36.137973741233395
 10
-5.7077633033120945
 20
36.12306658026864
 10
-5.755102440949222
 20
36.107935551464166
 10
-5.80232432069422
 20
36.09258204256716
 10
-5.849426500032942
 20
36.07700747061819
 10
-5.8964065582670635
 20
36.06121328159917
 10
-5.943262097017222
 20
36.04520095007244
 10
-5.9899907407223765
 20
36.0289719788113
 10
-6.036590137135375
 20
36.01252789842183
 10
-6.083057957814644
 20
35.995870266956025
 10
-6.129391898611969
 20
35.979000669516346
 10
-6.175589680156273
 20
35.961920717851655
 10
-6.221649048333376
 20
35.94463204994448
 10
-6.267567774761622
 20
35.92713632958979
 10
-6.313343657263395
 20
35.9094352459651
 10
-6.358974520332421
 20
35.89153051319211
 10
-6.404458215596808
 20
35.873423869889734
 10
-6.4497926222778155
 20
35.8551170787186
 10
-6.494975647644232
 20
35.83661192591708
 10
-6.5400052274624
 20
35.817910220828814
 10
-6.584879326441776
 20
35.799013795421615
 10
-6.629595938676022
 20
35.77992450379809
 10
-6.674153088079578
 20
35.76064422169766
 10
-6.718548828819664
 20
35.741174845990095
 10
-6.762781245743685
 20
35.721518294160674
 10
-6.806848454802019
 20
35.701676503786906
 10
-6.850748603466126
 20
35.68165143200669
 10
-6.894479871141966
 20
35.66144505497818
 10
-6.938040469578684
 20
35.641059367331074
 10
-6.981428643272565
 20
35.62049638160969
 10
-7.024642669866186
 20
35.59975812770735
 10
-7.06768086054279
 20
35.578846652292526
 10
-7.11054156041585
 20
35.55776401822656
 10
-7.153223148913769
 20
35.53651230397279
 10
-7.195724040159764
 20
35.51509360299749
 10
-7.23804268334689
 20
35.49351002316213
 10
-7.280177563108166
 20
35.47176368610744
 10
-7.322127199881875
 20
35.44985672662877
 10
-7.3638901502719385
 20
35.427791292043246
 10
-7.405465007403462
 20
35.405569541548275
 10
-7.44685040127338
 20
35.38319364557166
 10
-7.488044999096255
 20
35.360665785113156
 10
-7.529047505645181
 20
35.337988151077674
 10
-7.5698566635879345
 20
35.315162943599695
 10
-7.610471253818204
 20
35.29219237135937
 10
-7.650890095782058
 20
35.26907865089
 10
-7.691112047799672
 20
35.24582400587678
 10
-7.731136007382258
 20
35.2224306664471
 10
-7.770960911544291
 20
35.198900868452135
 10
-7.810585737111085
 20
35.17523685273968
 10
-7.850009501021704
 20
35.15144086441842
 10
-7.889231260627307
 20
35.12751515211326
 10
-7.928250113984948
 20
35.103461967212056
 10
-7.967065200146882
 20
35.07928356310338
 10
-8.00567569944551
 20
35.054982194405476
 10
-8.044080833773888
 20
35.03056011618625
 10
-8.082279866862033
 20
35.006019583174336
 10
-8.120272104548985
 20
34.981362848961105
 10
-8.158056895050787
 20
34.956592165193605
 10
-8.195633629224396
 20
34.93170978075833
 10
-8.233001740827708
 20
34.906717940955865
 10
-8.27016070677573
 20
34.881618886666175
 10
-8.307110047393055
 20
34.85641485350462
 10
-8.34384932666271
 20
34.83110807096855
 10
-8.380378152471586
 20
34.805700761574414
 10
-8.416696176852438
 20
34.78019513998532
 10
-8.452803096222786
 20
34.754593412128926
 10
-8.488698651620666
 20
34.72889777430566
 10
-8.524382628937573
 20
34.70311041228707
 10
-8.559854859148587
 20
34.67723350040433
 10
-8.595115218540021
 20
34.65126920062668
 10
-8.630163628934628
 20
34.62521966162983
 10
-8.665000057914709
 20
34.599087017854096
 10
-8.699624519043155
 20
34.572873388552296
 10
-8.734037072082838
 20
34.54658087682718
 10
-8.768237823214347
 20
34.520211568658375
 10
-8.802226925252594
 20
34.49376753191859
 10
-8.836004577862202
 20
34.46725081537924
 10
-8.869571027772242
 20
34.44066344770492
 10
-8.902926568990441
 20
34.41400743643711
 10
-8.936071543017132
 20
34.38728476696657
 10
-8.969006339059344
 20
34.360497401494584
 10
-9.001731394245294
 20
34.33364727798264
 10
-9.0342471938396
 20
34.306736309090674
 10
-9.066554271459614
 20
34.27976638110363
 10
-9.098653209293204
 20
34.25273935284605
 10
-9.130544638318367
 20
34.22565705458491
 10
-9.162229238525109
 20
34.19852128692004
 10
-9.193707739139969
 20
34.17133381966256
 10
-9.224980918853667
 20
34.144096390700646
 10
-9.256049606052287
 20
34.11681070485288
 10
-9.286914679052536
 20
34.089478432708816
 10
-9.317577066341501
 20
34.06210120945662
 10
-9.348037746821541
 20
34.034680633697796
 10
-9.378297750060716
 20
34.00721826624861
 10
-9.408358156549511
 20
33.97971562892827
 10
-9.438220097964214
 20
33.95217420333361
 10
-9.467884757437847
 20
33.924595429600146
 10
-9.49735336983905
 20
33.8969807051494
 10
-9.5266272220598
 20
33.86933138342237
 10
-9.555707653312501
 20
33.84164877259891
 10
-9.584596055437373
 20
33.81393413430309
 10
-9.613293873220702
 20
33.7861886822942
 10
-9.641802604724996
 20
33.75841358114354
 10
-9.67012380163162
 20
33.73060994489663
 10
-9.698259069597079
 20
33.702778835721105
 10
-9.726210068623587
 20
33.674921262539826
 10
-9.753978513445116
 20
33.64703817964952
 10
-9.78156617392969
 20
33.6191304853247
 10
-9.8089748754992
 20
33.591199020407004
 10
-9.836206499567606
 20
33.56324456687976
 10
-9.863262983998784
 20
33.53526784642806
 10
-9.890146323585101
 20
33.50726951898424
 10
-9.91685857054806
 20
33.47925018125891
 10
-9.943401835062097
 20
33.45121036525772
 10
-9.969778285803006
 20
33.42315053678388
 10
-9.995990150522305
 20
33.39507109392682
 10
-10.022039716648955
 20
33.36697236553722
 10
-10.04792933191993
 20
33.33885460968844
 10
-10.073661405041152
 20
33.31071801212518
 10
-10.099238406380433
 20
33.28256268469934
 10
-10.124662868694053
 20
33.25438866379387
 10
-10.149937387888679
 20
33.22619590873497
 10
-10.175064623820413
 20
33.19798430019331
 10
-10.200047301132885
 20
33.169753638575116
 10
-10.224888210136188
 20
33.14150364240367
 10
-10.24959020772874
 20
33.113233946692375
 10
-10.274156218364066
 20
33.084944101310185
 10
-10.298589235064647
 20
33.056633569340676
 10
-10.322892320485034
 20
33.028301725435895
 10
-10.347068608026474
 20
32.99994785416637
 10
-10.371121303005339
 20
32.971571148368945
 10
-10.395053683877897
 20
32.943170707493856
 10
-10.41886910352377
 20
32.91474553595326
 10
-10.44257099059068
 20
32.88629454147283
 10
-10.466162850903064
 20
32.85781653344904
 10
-10.489648268937364
 20
32.82931022131436
 10
-10.513030909366577
 20
32.800774212913026
 10
-10.536314518677013
 20
32.77220701289057
 10
-10.559502926860027
 20
32.74360702109982
 10
-10.58260004918182
 20
32.71497253102744
 10
-10.605609888034053
 20
32.68630172824422
 10
-10.628536534868608
 20
32.657592688883675
 10
-10.651384172219222
 20
32.628843378153114
 10
-10.674157075813422
 20
32.600051648882236
 10
-10.696859616777628
 20
32.571215240114185
 10
-10.719496263938733
 20
32.54233177574529
 10
-10.742071586225117
 20
32.513398763218916
 10
-10.764590255170424
 20
32.48441359228073
 10
-10.787057047522946
 20
32.45537353380203
 10
-10.809476847963852
 20
32.42627573867921
 10
-10.831854651937043
 20
32.397117236817415
 10
-10.854195568593678
 20
32.367894936207605
 10
-10.876504823853919
 20
32.338605622106414
 10
-10.898787763588672
 20
32.309245956329285
 10
-10.92104985692358
 20
32.27981247666801
 10
-10.9432966996676
 20
32.25030159644453
 10
-10.965534017867927
 20
32.220709604213845
 10
-10.987767671493117
 20
32.19103266362965
 10
-11.010003658245424
 20
32.16126681348735
 10
-11.032248117503428
 20
32.131407967960236
 10
-11.054507334395222
 20
32.10145191704523
 10
-11.076787744002075
 20
32.07139432723635
 10
-11.099095935691746
 20
32.04123074244458
 10
-11.121438657580118
 20
32.01095658518471
 10
-11.143822821118768
 20
31.980567158050075
 10
-11.166255505805559
 20
31.950057645498674
 10
-11.188743964013959
 20
31.91942311597417
 10
-11.211295625936167
 20
31.88865852438798
 10
-11.23391810463335
 20
31.85775871498906
 10
-11.256619201185565
 20
31.826718424650327
 10
-11.279406909931883
 20
31.795532286601578
 10
-11.302289423789912
 20
31.764194834640932
 10
-11.325275139642056
 20
31.732700507857963
 10
-11.348372663773691
 20
31.701043655903405
 10
-11.371590817346487
 20
31.6692185448423
 10
-11.39493864188736
 20
31.637219363628578
 10
-11.418425404771481
 20
31.60504023124093
 10
-11.442060604674158
 20
31.572675204521325
 10
-11.465853976964144
 20
31.54011828675911
 10
-11.489815499006859
 20
31.50736343706474
 10
-11.513955395342972
 20
31.47440458057899
 10
-11.538284142703427
 20
31.44123561956396
 10
-11.562812474818287
 20
31.407850445423954
 10
-11.587551386971839
 20
31.37424295170436
 10
-11.612512140252061
 20
31.34040704811773
 10
-11.637706265437126
 20
31.30633667564602
 10
-11.663145566456539
 20
31.27202582276834
 10
-11.688842123358626
 20
31.237468542862317
 10
-11.714808294710327
 20
31.202658972827013
 10
-11.741056719348745
 20
31.167591352973012
 10
-11.767600317397898
 20
31.132260048223685
 10
-11.794452290456793
 20
31.09665957066863
 10
-11.821626120858731
 20
31.060784603506562
 10
-11.849135569894175
 20
31.02463002641082
 10
-11.876994674882816
 20
30.988190942345046
 10
-11.905217744973061
 20
30.95146270585007
 10
-11.93381935554044
 20
30.91444095281615
 10
-11.96281434104926
 20
30.87712163174492
 10
-11.992217786235532
 20
30.839501036496596
 10
-12.02204501546279
 20
30.80157584050533
 10
-12.052311580097058
 20
30.763343132433576
 10
-12.08303324374218
 20
30.724800453221274
 10
-12.114225965172889
 20
30.68594583446966
 10
-12.145905878800086
 20
30.646777838081533
 10
-12.178089272501502
 20
30.607295597060496
 10
-12.210792562650802
 20
30.56749885734972
 10
-12.244032266180465
 20
30.527388020568335
 10
-12.277824969517779
 20
30.486964187478215
 10
-12.312187294239857
 20
30.446229201987776
 10
-12.347135859303112
 20
30.405185695471115
 10
-12.382687239714738
 20
30.36383713115219
 10
-12.4188579215299
 20
30.322187848272428
 10
-12.455664253077314
 20
30.280243105729763
 10
-12.493122392339714
 20
30.23800912484509
 10
-12.531248250443014
 20
30.195493130880408
 10
-12.570057431240064
 20
30.15270339290177
 10
-12.609565167011608
 20
30.109649261549855
 10
-12.649786250348201
 20
30.066341204252556
 10
-12.69073496232312
 20
30.022790837387518
 10
-12.732424997116656
 20
29.979010954879886
 10
-12.774869383307877
 20
29.935015552701163
 10
-12.818080402108771
 20
29.89081984872104
 10
-12.862069502879276
 20
29.84644029735586
 10
-12.906847216327659
 20
29.80189459845548
 10
-12.95242306586957
 20
29.757201699876575
 10
-12.998805477689192
 20
29.712381793205015
 10
-13.046001690116409
 20
29.667456302113703
 10
-13.094017663003791
 20
29.622447862876804
 10
-13.14285798785432
 20
29.57738029660563
 10
-13.19252579951456
 20
29.532278572827806
 10
-13.243022690305901
 20
29.487168764098442
 10
-13.294348627517232
 20
29.442077991410557
 10
-13.346501875223938
 20
29.397034360262147
 10
-13.399478921428834
 20
29.35206688733683
 10
-13.453274411538453
 20
29.307205417864953
 10
-13.507881089191681
 20
29.262480533849732
 10
-13.56328974544509
 20
29.217923453467588
 10
-13.619489177290115
 20
29.173565922080698
 10
-13.67646615642907
 20
29.129440095431466
 10
-13.734205409171064
 20
29.085578415720228
 10
-13.792689608223165
 20
29.04201348139558
 10
-13.851899377048765
 20
28.998777911610194
 10
-13.911813307343408
 20
28.955904206408434
 10
-13.972407990040429
 20
28.91342460381491
 10
-14.033658060106411
 20
28.871370935080886
 10
-14.095536255221969
 20
28.82977447941581
 10
-14.158013488269507
 20
28.78866581958234
 10
-14.22105893336979
 20
28.748074699762846
 10
-14.284640125026762
 20
28.708029887111408
 10
-14.348723069759096
 20
28.66855903838796
 10
-14.413272369421414
 20
28.62968857302925
 10
-14.47825135525122
 20
28.591443553945165
 10
-14.543622231524239
 20
28.55384757724039
 10
-14.609346227563634
 20
28.516922671950603
 10
-14.675383756731218
 20
28.480689210752814
 10
-14.741694580933505
 20
28.44516583246344
 10
-14.808237979104707
 20
28.410369376977783
 10
-14.874972918084172
 20
28.376314833135517
 10
-14.941858224287458
 20
28.34301529982094
 10
-15.008852754578918
 20
28.310481960428884
 10
-15.075915564788431
 20
28.278724070651222
 10
-15.143006074374718
 20
28.24774895936769
 10
-15.210084225820104
 20
28.21756204226235
 10
-15.277110637445134
 20
28.188166847636907
 10
-15.344046748452055
 20
28.15956505375585
 10
-15.41085495514205
 20
28.131756536939285
 10
-15.477498737397774
 20
28.104739429518407
 10
-15.543942774676978
 20
28.07851018668683
 10
-15.610153050921877
 20
28.053063661219817
 10
-15.676096947948206
 20
28.028393184991614
 10
-15.741743327035351
 20
28.004490656199128
 10
-15.807062598590445
 20
27.981346631196693
 10
-15.872026779903873
 20
27.95895041986069
 10
-15.93660954114764
 20
27.937290183431756
 10
-16.000786239890722
 20
27.916353033826397
 10
-16.064533944514938
 20
27.896125133464217
 10
-16.12783144701051
 20
27.876591794722568
 10
-16.190659265711542
 20
27.857737578202677
 10
-16.252999638598332
 20
27.83954638906957
 10
-16.3148365078453
 20
27.82200157081011
 10
-16.376155496331624
 20
27.80508599583691
 10
-16.436943876856656
 20
27.788782152449883
 10
-16.4971905348149
 20
27.77307222774931
 10
-16.55688592508686
 20
27.75793818617439
 10
-16.61602202389326
 20
27.743361843417016
 10
-16.674592276343486
 20
27.729324935532297
 10
-16.73259154038372
 20
27.715809183133242
 10
-16.790016027819384
 20
27.70279635061801
 10
-16.846863243050596
 20
27.6902683004324
 10
-16.903131920119048
 20
27.67820704241879
 10
-16.958821958622373
 20
27.666594778345015
 10
-17.01393435900694
 20
27.655413941743134
 10
-17.06847115770513
 20
27.644647233218187
 10
-17.122435362536837
 20
27.634277651412525
 10
-17.17583088875029
 20
27.624288519830436
 10
-17.22866249603289
 20
27.614663509743636
 10
-17.28093572678049
 20
27.605386659408254
 10
-17.332656845872727
 20
27.596442389831022
 10
-17.383832782163978
 20
27.58781551732566
 10
-17.434471071863303
 20
27.57949126310073
 10
-17.48457980394364
 20
27.571455260117762
 10
-17.53416756768975
 20
27.563693557453885
 10
-17.583243402466415
 20
27.556192622396964
 10
-17.631816749763086
 20
27.548939340492765
 10
-17.679897407548555
 20
27.541921013755154
 10
-17.727495486948783
 20
27.53512535723941
 10
-17.774621371243505
 20
27.52854049416901
 10
-17.821285677161484
 20
27.522154949793894
 10
-17.867499218441093
 20
27.515957644147797
 10
-17.913272971611317
 20
27.509937883860005
 10
-17.958618043938905
 20
27.50408535316596
 10
-18.003545643479377
 20
27.49839010424944
 10
-18.048067051163308
 20
27.492842547038464
 10
-18.092193594844264
 20
27.487433438566264
 10
-18.135936625231192
 20
27.482153871998605
 10
-18.179307493625153
 20
27.476995265418903
 10
-18.222317531378902
 20
27.471949350453645
 10
-18.264978030996684
 20
27.467008160811705
 10
-18.307300228791863
 20
27.462164020803307
 10
-18.34929528902022
 20
27.45740953389647
 10
-18.390974289407957
 20
27.452737571362242
 10
-18.432348207995084
 20
27.448141261052882
 10
-18.473427911216493
 20
27.443613976351813
 10
-18.514224143145526
 20
27.439149325328167
 10
-18.554747515826985
 20
27.434741140124085
 10
-18.595008500629422
 20
27.43038346659802
 10
-18.63501742054913
 20
27.426070554243594
 10
-18.67478444340116
 20
27.42179684639927
 10
-18.714319575835663
 20
27.417556970761368
 10
-18.753632658120736
 20
27.41334573020929
 10
-18.79273335963589
 20
27.409158093949717
 10
-18.831631175023137
 20
27.404989188983738
 10
-18.87033542094579
 20
27.400834291899077
 10
-18.90885523340748
 20
27.396688820987407
 10
-18.947199565587052
 20
27.392548328685557
 10
-18.98537718614738
 20
27.38840849433749
 10
-19.023396677978802
 20
27.384265117273337
 10
-19.0612664373404
 20
27.380114110200072
 10
-19.098994673364633
 20
27.375951492898277
 10
-19.136589407893158
 20
27.371773386217914
 10
-19.174058475613776
 20
27.367576006366257
 10
-19.2114095244706
 20
27.363355659479886
 10
-19.24865001632139
 20
27.359108736472905
 10
-19.285787227817913
 20
27.354831708152773
 10
-19.32282825148693
 20
27.350521120595303
 10
-19.359779996990987
 20
27.346173590769812
 10
-19.396649192549987
 20
27.341785802405976
 10
-19.43344238650547
 20
27.3373545020932
 10
-19.470165949011623
 20
27.3328764956038
 10
-19.50682607383765
 20
27.328348644431344
 10
-19.543428780267735
 20
27.32376786253532
 10
-19.579979915085875
 20
27.3191311132837
 10
-19.616485154633793
 20
27.314435406585087
 10
-19.652950006931285
 20
27.30967779620213
 10
-19.689379813849182
 20
27.30485537723828
 10
-19.725779753325977
 20
27.29996528379014
 10
-19.762154841619882
 20
27.295004686757764
 10
-19.79850993558903
 20
27.289970791805544
 10
-19.834849734992908
 20
27.284860837466667
 10
-19.87117878480903
 20
27.27967209338418
 10
-19.90750147755924
 20
27.274401858682072
 10
-19.943822055640698
 20
27.269047460459912
 10
-19.980144613656947
 20
27.263606252404898
 10
-20.01647310074524
 20
27.258075613515416
 10
-20.052811322896222
 20
27.252452946930415
 10
-20.089162945263006
 20
27.246735678858986
 10
-20.125531494456617
 20
27.240921257605116
 10
-20.161920360825317
 20
27.23500715268233
 10
-20.198332800715615
 20
27.228990854013745
 10
-20.23477193871294
 20
27.22286987121251
 10
-20.27124076986031
 20
27.21664173293855
 10
-20.307742161853575
 20
27.210303986327276
 10
-20.3442788572119
 20
27.20385419648623
 10
-20.38085347542244
 20
27.197289946055854
 10
-20.417468515058403
 20
27.190608834830694
 10
-20.454126355869665
 20
27.183808479437573
 10
-20.49082926084547
 20
27.1768865130674
 10
-20.527579378248628
 20
27.16984058525742
 10
-20.564378743621052
 20
27.162668361720815
 10
-20.601229281760283
 20
27.155367524221063
 10
-20.638132808666946
 20
27.147935770487837
 10
-20.675091033463076
 20
27.14037081417238
 10
-20.71210556028139
 20
27.132670384839372
 10
-20.749177890125555
 20
27.124832227993352
 10
-20.786309422701738
 20
27.11685410513718
 10
-20.823501458221564
 20
27.10873379386052
 10
-20.86075519917678
 20
27.100469087956295
 10
-20.89807175208602
 20
27.09205779756322
 10
-20.935452129214
 20
27.083497749332572
 10
-20.972897250263415
 20
27.07478678661742
 10
-21.010407944040214
 20
27.06592276968271
 10
-21.04798495009243
 20
27.056903575934687
 10
-21.085628920323238
 20
27.047727100168064
 10
-21.123340420578582
 20
27.038391254829644
 10
-21.161119932209964
 20
27.0288939702969
 10
-21.198967853612846
 20
27.019233195170443
 10
-21.236884501741212
 20
27.00940689657908
 10
-21.274870113598805
 20
26.99941306049623
 10
-21.31292484770752
 20
26.989249692066746
 10
-21.351048785553598
 20
26.978914815943085
 10
-21.389241933011988
 20
26.968406476629877
 10
-21.427504221749555
 20
26.957722738835805
 10
-21.465835510607583
 20
26.94686168783216
 10
-21.504235586964068
 20
26.935821429817068
 10
-21.542704168076387
 20
26.9246000922847
 10
-21.58124090240484
 20
26.913195824398596
 10
-21.61984537091749
 20
26.90160679736858
 10
-21.65851708837693
 20
26.889831204830365
 10
-21.697255504609323
 20
26.87786726322746
 10
-21.73606000575636
 20
26.865713212194553
 10
-21.774929915510366
 20
26.853367314941927
 10
-21.813864496333377
 20
26.84082785864032
 10
-21.852862950660167
 20
26.82809315480576
 10
-21.891924422086163
 20
26.815161539683853
 10
-21.9310479965403
 20
26.80203137463297
 10
-21.970232703443404
 20
26.788701046506148
 10
-22.009477516852563
 20
26.775168968030975
 10
-22.04878135659169
 20
26.76143357818735
 10
-22.08814308936889
 20
26.747493342582516
 10
-22.12756152988088
 20
26.733346753823188
 10
-22.167035441904783
 20
26.718992331884305
 10
-22.2065635393779
 20
26.70442862447425
 10
-22.246144487465404
 20
26.689654207395996
 10
-22.285776903616735
 20
26.674667684904193
 10
-22.325459358610647
 20
26.65946769005764
 10
-22.365190377589478
 20
26.64405288506711
 10
-22.404968441082776
 20
26.62842196163818
 10
-22.444791986020718
 20
26.6125736413088
 10
-22.484659406737446
 20
26.596506675781512
 10
-22.524569055964786
 20
26.58021984725
 10
-22.56451924581638
 20
26.563711968719836
 10
-22.604508248762752
 20
26.546981884323205
 10
-22.64453429859728
 20
26.53002846962748
 10
-22.684595591393556
 20
26.51285063193747
 10
-22.724690286454166
 20
26.4954473105911
 10
-22.76481650725121
 20
26.477817477248582
 10
-22.80497234235878
 20
26.459960136174633
 10
-22.845155846377505
 20
26.44187432451404
 10
-22.885365040851458
 20
26.423559112559904
 10
-22.925597915177555
 20
26.405013604015004
 10
-22.965852427507613
 20
26.386236936245737
 10
-23.00612650564326
 20
26.367228280528796
 10
-23.046418047923837
 20
26.347986842290382
 10
-23.086724924107504
 20
26.32851186133786
 10
-23.12704497624556
 20
26.308802612083802
 10
-23.167376019550286
 20
26.288858403762383
 10
-23.207715843256292
 20
26.268678580637918
 10
-23.248062211475638
 20
26.24826252220562
 10
-23.288412864046656
 20
26.227609643384415
 10
-23.328765517376816
 20
26.206719394701846
 10
-23.369117865279527
 20
26.185591262470872
 10
-23.409467579805145
 20
26.164224768958682
 10
-23.44981231206614
 20
26.14261947254733
 10
-23.49014969305663
 20
26.12077496788623
 10
-23.530477334466262
 20
26.098690886036437
 10
-23.570792829488628
 20
26.076366894606718
 10
-23.611093753624143
 20
26.053802697881277
 10
-23.65137766547763
 20
26.03099803693928
 10
-23.691642107550507
 20
26.007952689765943
 10
-23.73188460702776
 20
25.984666471355343
 10
-23.772102676559626
 20
25.961139233804793
 10
-23.81229381503824
 20
25.937370866400887
 10
-23.852455508369033
 20
25.913361295697058
 10
-23.892585230237117
 20
25.889110485582776
 10
-23.932680442868612
 20
25.86461843734425
 10
-23.972738597786986
 20
25.83988518971674
 10
-24.012757136564332
 20
25.814910818928386
 10
-24.05273349156785
 20
25.789695438735563
 10
-24.09266508670117
 20
25.764239200449836
 10
-24.13254933814097
 20
25.738542292956385
 10
-24.172383655068558
 20
25.712604942724013
 10
-24.212165440396603
 20
25.686427413806726
 10
-24.251892091491
 20
25.660010007836796
 10
-24.29156100088783
 20
25.633353064009434
 10
-24.331169557005488
 20
25.606456959059003
 10
-24.370715144851847
 20
25.579322107226865
 10
-24.410195146726647
 20
25.551948960220752
 10
-24.449606942918958
 20
25.524338007165777
 10
-24.488947912399716
 20
25.496489774547058
 10
-24.528215433509427
 20
25.468404826144003
 10
-24.567406884640928
 20
25.440083762956228
 10
-24.60651964491719
 20
25.411527223121155
 10
-24.645551094864217
 20
25.382735881823333
 10
-24.68449861707895
 20
25.353710451195447
 10
-24.723359596892227
 20
25.324451680211116
 10
-24.762131423026695
 20
25.29496035456942
 10
-24.800811488249693
 20
25.26523729657127
 10
-24.83939719002111
 20
25.235283364987577
 10
-24.877885931136106
 20
25.205099454919285
 10
-24.916275120362773
 20
25.174686497649287
 10
-24.954562173074617
 20
25.144045460486286
 10
-24.992744511877813
 20
25.113177346600594
 10
-25.030819567233365
 20
25.082083194851883
 10
-25.06878477807391
 20
25.050764079609053
 10
-25.106637592415275
 20
25.019221110562025
 10
-25.14437546796271
 20
24.98745543252575
 10
-25.181995872711756
 20
24.955468225236295
 10
-25.219496285543716
 20
24.923260703139093
 10
-25.25687419681568
 20
24.89083411516945
 10
-25.29412710894503
 20
24.85818974452526
 10
-25.3312525369885
 20
24.825328908432024
 10
-25.36824800921557
 20
24.79225295790029
 10
-25.4051110676763
 20
24.75896327747531
 10
-25.441839268763484
 20
24.725461284979293
 10
-25.478430183769092
 20
24.69174843124604
 10
-25.514881399434962
 20
24.65782619984812
 10
-25.551190518497698
 20
24.623696106816617
 10
-25.58735516022768
 20
24.589359700353487
 10
-25.623372960962246
 20
24.55481856053658
 10
-25.65924157463284
 20
24.520074299017374
 10
-25.694958673286223
 20
24.485128558711494
 10
-25.7305219475996
 20
24.449983013481994
 10
-25.765929107389674
 20
24.414639367815575
 10
-25.80117788211555
 20
24.37909935649167
 10
-25.836266021375415
 20
24.343364744244486
 10
-25.871191295396972
 20
24.307437325418157
 10
-25.90595149552159
 20
24.27131892361487
 10
-25.940544434682106
 20
24.23501139133621
 10
-25.974967947874163
 20
24.198516609617602
 10
-26.009219892621175
 20
24.161836487656128
 10
-26.043298149432676
 20
24.124972962431524
 10
-26.07720062225625
 20
24.087927998320556
 10
-26.11092523892266
 20
24.050703586704913
 10
-26.1444699515845
 20
24.01330174557242
 10
-26.177832737147984
 20
23.9757245191119
 10
-26.211011597698036
 20
23.937973977301567
 10
-26.244004560916522
 20
23.900052215491073
 10
-26.276809680493663
 20
23.8619613539773
 10
-26.309425036532424
 20
23.82370353757387
 10
-26.341848735946016
 20
23.7852809351745
 10
-26.374078912848283
 20
23.746695739310265
 10
-26.40611372893714
 20
23.70795016570078
 10
-26.437951373870682
 20
23.669046452799403
 10
-26.469590065636293
 20
23.629986861332497
 10
-26.50102805091241
 20
23.590773673832857
 10
-26.532263605423022
 20
23.55140919416727
 10
-26.563295034284913
 20
23.511895747058396
 10
-26.59412067234732
 20
23.47223567760088
 10
-26.624738884524447
 20
23.432431350771953
 10
-26.65514806612024
 20
23.39248515093632
 10
-26.68534664314571
 20
23.35239948134572
 10
-26.715333072628752
 20
23.312176763632905
 10
-26.745105842916253
 20
23.27181943730031
 10
-26.774663473968523
 20
23.231329959203382
 10
-26.80400451764607
 20
23.190710803028676
 10
-26.83312755798851
 20
23.149964458766743
 10
-26.862031211485753
 20
23.109093432179854
 10
-26.890714127341276
 20
23.068100244264734
 10
-26.919174987727516
 20
23.026987430710175
 10
-26.947412508033267
 20
22.985757541349816
 10
-26.975425437103162
 20
22.94441313960991
 10
-27.003212557469055
 20
22.902956801952342
 10
-27.0307726855733
 20
22.861391117312863
 10
-27.058104671984047
 20
22.81971868653457
 10
-27.08520740160217
 20
22.777942121796766
 10
-27.112079793860175
 20
22.736064046039196
 10
-27.138720802912747
 20
22.69408709238177
 10
-27.165129417819067
 20
22.65201390353978
 10
-27.19130466271678
 20
22.60984713123464
 10
-27.21724559698764
 20
22.567589435600404
 10
-27.242951315414693
 20
22.525243484585737
 10
-27.268420948331073
 20
22.48281195335183
 10
-27.29365366176032
 20
22.440297523665972
 10
-27.31864865754819
 20
22.397702883290993
 10
-27.343405173485877
 20
22.355030725370618
 10
-27.367922483424746
 20
22.31228374781073
 10
-27.392199897382355
 20
22.269464652656602
 10
-27.41623676163993
 20
22.22657614546624
 10
-27.440032458831087
 20
22.183620934679684
 10
-27.463586408021904
 20
22.1406017309846
 10
-27.48689806478224
 20
22.09752124667781
 10
-27.509966921248246
 20
22.0543821950233
 10
-27.53279250617619
 20
22.011187289606255
 10
-27.555374384987317
 20
21.967939243683517
 10
-27.577712159803973
 20
21.924640769530324
 10
-27.599805469476856
 20
21.881294577783414
 10
-27.621653989603246
 20
21.837903376780574
 10
-27.643257432536483
 20
21.794469871896524
 10
-27.664615547386337
 20
21.750996764875406
 10
-27.685728120010538
 20
21.707486753159625
 10
-27.706594972997227
 20
21.66394252921531
 10
-27.727215965638475
 20
21.620366779854276
 10
-27.747590993894647
 20
21.576762185552568
 10
-27.767719990349896
 20
21.533131419765606
 10
-27.787602924158392
 20
21.489477148239878
 10
-27.80723980098165
 20
21.445802028321364
 10
-27.82663066291665
 20
21.40210870826048
 10
-27.84577558841483
 20
21.358399826513775
 10
-27.864674692192068
 20
21.314678011042183
 10
-27.883328125129417
 20
21.270945878606025
 10
-27.90173607416468
 20
21.227206034056618
 10
-27.919898762174988
 20
21.183461069624585
 10
-27.93781644784999
 20
21.13971356420477
 10
-27.955489425556056
 20
21.095966082637865
 10
-27.97291802519116
 20
21.052221174988656
 10
-27.990102612030686
 20
21.008481375820864
 10
-28.007043586563977
 20
20.96474920346868
 10
-28.023741384321752
 20
20.92102715930476
 10
-28.040196475694245
 20
20.877317727004936
 10
-28.05640936574028
 20
20.83362337180933
 10
-28.07238059398704
 20
20.789946539780072
 10
-28.088110734220734
 20
20.746289657055392
 10
-28.103600394268078
 20
20.7026551291002
 10
-28.118850215768585
 20
20.659045339953053
 10
-28.13386087393767
 20
20.615462651469375
 10
-28.148633077320724
 20
20.57190940256104
 10
-28.16316756753795
 20
20.528387908432077
 10
-28.17746511902008
 20
20.48490045981058
 10
-28.191526538735104
 20
20.441449322176695
 10
-28.205352665905814
 20
20.39803673498655
 10
-28.218944371718273
 20
20.354664910892147
 10
-28.232302559021427
 20
20.31133603495707
 10
-28.245428162017486
 20
20.268052263867933
 10
-28.25832214594351
 20
20.224815725141426
 10
-28.270985506743965
 20
20.18162851632695
 10
-28.2834192707344
 20
20.138492704204594
 10
-28.29562449425623
 20
20.09541032397847
 10
-28.30760226332281
 20
20.052383378465176
 10
-28.31935369325656
 20
20.00941383727729
 10
-28.33087992831746
 20
19.966503636001782
 10
-28.34218214132295
 20
19.923654675373157
 10
-28.353261533259026
 20
19.880868820441176
 10
-28.364119332882915
 20
19.838147899733002
 10
-28.374756796317225
 20
19.79549370440959
 10
-28.385175206635722
 20
19.752907987416155
 10
-28.395375873440635
 20
19.710392462626512
 10
-28.405360132431856
 20
19.66794880398108
 10
-28.415129344967852
 20
19.625578644618358
 10
-28.42468489761854
 20
19.58328357599966
 10
-28.434028201710206
 20
19.54106514702687
 10
-28.443160692862406
 20
19.498924863152975
 10
-28.452083830517292
 20
19.456864185485117
 10
-28.46079909746116
 20
19.414884529879952
 10
-28.469307999338508
 20
19.37298726603101
 10
-28.47761206415866
 20
19.33117371654775
 10
-28.485712841795237
 20
19.289445156026105
 10
-28.493611903478477
 20
19.247802810110084
 10
-28.501310841280606
 20
19.206247854544298
 10
-28.50881126759449
 20
19.16478141421685
 10
-28.516114814605693
 20
19.123404562192448
 10
-28.523223133758165
 20
19.082118318735347
 10
-28.530137895213755
 20
19.040923650321645
 10
-28.536860787305745
 20
18.99982146864067
 10
-28.54339351598671
 20
18.958812629585026
 10
-28.549737804270883
 20
18.917897932228957
 10
-28.5558953916713
 20
18.87707811779444
 10
-28.56186803363207
 20
18.83635386860477
 10
-28.567657500955896
 20
18.795725807025086
 10
-28.57326557922749
 20
18.755194494389425
 10
-28.57869406823278
 20
18.714760429913728
 10
-28.58394478137464
 20
18.67442404959448
 10
-28.58901954508532
 20
18.634185725092333
 10
-28.59392019823606
 20
18.594045762600246
 10
-28.59864859154427
 20
18.554004401695625
 10
-28.603206586978697
 20
18.514061814175903
 10
-28.607596057163203
 20
18.474218102876968
 10
-28.611818884779435
 20
18.43447330047395
 10
-28.61587696196919
 20
18.39482736826363
 10
-28.619772189736796
 20
18.35528019492803
 10
-28.623506477352244
 20
18.315831595278468
 10
-28.62708174175578
 20
18.276481308979438
 10
-28.63049990696447
 20
18.237228999251762
 10
-28.633762903481546
 20
18.198074251554214
 10
-28.636872667709362
 20
18.159016572243125
 10
-28.639831141366717
 20
18.12005538720914
 10
-28.642640270911286
 20
18.081190040490473
 10
-28.645302006968354
 20
18.042419792862084
 10
-28.647818303766485
 20
18.00374382039982
 10
-28.650191118581546
 20
17.96516121301913
 10
-28.652422411189725
 20
17.92667097298733
 10
-28.654514143331042
 20
17.888272013408933
 10
-28.65646827818449
 20
17.84996315668313
 10
-28.658286779856
 20
17.811743132932907
 10
-28.659971612880717
 20
17.77361057840486
 10
-28.661524741740934
 20
17.735564033839207
 10
-28.662948130401357
 20
17.6976019428091
 10
-28.664243741863274
 20
17.65972265002871
 10
-28.665413537739184
 20
17.621924399629307
 10
-28.666459477850037
 20
17.58420533340272
 10
-28.667383519846734
 20
17.54656348901153
 10
-28.668187618858123
 20
17.508996798165416
 10
-28.66887372716746
 20
17.47150308476305
 10
-28.669443793919832
 20
17.434080062999058
 10
-28.66989976486277
 20
17.396725335435566
 10
-28.670243582122826
 20
17.3594363910378
 10
-28.670477184020513
 20
17.322210603173566
 10
-28.670602504926787
 20
17.28504522757618
 10
-28.670621475163856
 20
17.247937400270605
 10
-28.670536020953566
 20
17.21088413546282
 10
-28.67034806441681
 20
17.173882323392284
 10
-28.670059523627383
 20
17.13692872814761
 10
-28.669672312723996
 20
17.100019985445705
 10
-28.66918834208464
 20
17.063152600374664
 10
-28.668609518567138
 20
17.026322945101036
 10
-28.66793774582044
 20
16.989527256542093
 10
-28.667174924671265
 20
16.95276163400395
 10
-28.666322953590974
 20
16.916022036786742
 10
-28.66538372924752
 20
16.87930428175812
 10
-28.664359147148282
 20
16.84260404089664
 10
-28.663251102379004
 20
16.80591683880698
 10
-28.662061490445055
 20
16.769238050209136
 10
-28.66079220822097
 20
16.732562897404144
 10
-28.65944515501504
 20
16.69588644771921
 10
-28.658022233755513
 20
16.659203610935577
 10
-28.65652535230586
 20
16.622509136702877
 10
-28.65495642491611
 20
16.58579761194422
 10
-28.653317373818634
 20
16.549063458256764
 10
-28.651610130975985
 20
16.51230092931316
 10
-28.649836639989644
 20
16.47550410826978
 10
-28.6479988581783
 20
16.43866690518842
 10
-28.646098758835
 20
16.401783054478837
 10
-28.644138333672515
 20
16.364846112370333
 10
-28.64211959546708
 20
16.327849454421333
 10
-28.640044580910427
 20
16.290786273077035
 10
-28.637915353681024
 20
16.25364957528597
 10
-28.63573400774501
 20
16.21643218018764
 10
-28.633502670898515
 20
16.17912671688432
 10
-28.631223508562393
 20
16.141725622311537
 10
-28.628898727841484
 20
16.104221139222954
 10
-28.62653058186021
 20
16.066605314306972
 10
-28.62412137438686
 20
16.028869996453636
 10
-28.621673464758707
 20
15.991006835192398
 10
-28.61918927312081
 20
15.953007279322762
 10
-28.616671285990424
 20
15.914862575761804
 10
-28.61412206216022
 20
15.876563768634616
 10
-28.611544238952032
 20
15.838101698635617
 10
-28.608940538833796
 20
15.799467002691154
 10
-28.60631377641123
 20
15.760650113955883
 10
-28.60366686580592
 20
15.721641262178156
 10
-28.601002828430513
 20
15.682430474472051
 10
-28.598324801171316
 20
15.64300757653642
 10
-28.5956360449874
 20
15.603362194364449
 10
-28.592939953934554
 20
15.563483756489667
 10
-28.590240064620797
 20
15.523361496817937
 10
-28.587540066098857
 20
15.4829844580979
 10
-28.584843810199093
 20
15.442341496085561
 10
-28.58215532230429
 20
15.401421284462288
 10
-28.579478812565302
 20
15.360212320568628
 10
-28.576818687553832
 20
15.318702932020054
 10
-28.574179562345336
 20
15.276881284274015
 10
-28.571566273021723
 20
15.234735389221271
 10
-28.568983889579332
 20
15.192253114877715
 10
-28.566437729223217
 20
15.14942219625637
 10
-28.56393337002398
 20
15.106230247502166
 10
-28.561476664907723
 20
15.062664775375227
 10
-28.55907375594353
 20
15.018713194170923
 10
-28.556731088886576
 20
14.974362842167405
 10
-28.554455427927145
 20
14.929600999693026
 10
-28.55225387058853
 20
14.884414908907653
 10
-28.5501338627076
 20
14.83879179539249
 10
-28.548103213422905
 20
14.7927188916431
 10
-28.5461701100853
 20
14.746183462559525
 10
-28.544343132995174
 20
14.699172833025507
 10
-28.542631269859577
 20
14.65167441766606
 10
-28.541043929850197
 20
14.603675752868211
 10
-28.53959095713133
 20
14.555164531144289
 10
-28.538282643713515
 20
14.506128637909788
 10
-28.53712974147576
 20
14.45655619073888
 10
-28.536143473185362
 20
14.406435581149642
 10
-28.535335542330696
 20
14.35575551895795
 10
-28.534718141568817
 20
14.304505079223736
 10
-28.534303959575983
 20
14.252673751795308
 10
-28.534106186076315
 20
14.200251493436962
 10
-28.534138514811353
 20
14.147228782501967
 10
-28.53441514420208
 20
14.09359667608681
 10
-28.534950775444763
 20
14.039346869573576
 10
-28.53576060777368
 20
13.98447175843519
 10
-28.536860330617742
 20
13.928964502143215
 10
-28.538266112374
 20
13.872819089979945
 10
-28.539994585520642
 20
13.816030408515628
 10
-28.542062827794574
 20
13.758594310468167
 10
-28.54448833916545
 20
13.700507684617032
 10
-28.54728901434934
 20
13.64176852639524
 10
-28.55048311062099
 20
13.582376008734173
 10
-28.55408921070547
 20
13.522330552685855
 10
-28.558126180557082
 20
13.46163389729706
 10
-28.56261312186705
 20
13.40028916816022
 10
-28.56756931918156
 20
13.338300944017789
 10
-28.573014181558378
 20
13.275675320751589
 10
-28.578967178743756
 20
13.21241997204695
 10
-28.585447771911696
 20
13.148544205985008
 10
-28.59247533907421
 20
13.084059016786181
 10
-28.60006909534402
 20
13.018977130905357
 10
-28.60824800830948
 20
12.953313046665906
 10
-28.617030708864323
 20
12.887083066616615
 10
-28.62643539792133
 20
12.82030532180422
 10
-28.63647974952808
 20
12.752999787175828
 10
-28.647180810992133
 20
12.685188287361031
 10
-28.658554900712407
 20
12.616894492133849
 10
-28.670617504498903
 20
12.54814390091999
 10
-28.683383171244696
 20
12.478963815796188
 10
-28.696865408887987
 20
12.40938330252487
 10
-28.71107658166738
 20
12.339433139279098
 10
-28.72602780972708
 20
12.26914575283811
 10
-28.74172887216923
 20
12.19855514217215
 10
-28.758188114675118
 20
12.127696789484345
 10
-28.775412362824763
 20
12.056607558935626
 10
-28.793406842233157
 20
11.985325583441616
 10
-28.81217510659087
 20
11.913890140097942
 10
-28.83171897464524
 20
11.84234151495672
 10
-28.852038477086914
 20
11.770720858039311
 10
-28.873131814214737
 20
11.69907002962623
 10
-28.894995325141135
 20
11.627431439008719
 10
-28.917623469171776
 20
11.555847877016715
 10
-28.941008819849234
 20
11.484362343749053
 10
-28.96514207199395
 20
11.413017873023353
 10
-28.99001206190878
 20
11.341857355129962
 10
-29.01560580074038
 20
11.27092335951727
 10
-29.04190852081499
 20
11.200257959050719
 10
-29.06890373459062
 20
11.129902557476795
 10
-29.096573305698133
 20
11.059897721683782
 10
-29.124897531381308
 20
10.990283020286155
 10
-29.153855235496955
 20
10.921096869968437
 10
-29.183423871101404
 20
10.85237639091148
 10
-29.213579631533214
 20
10.784157272489766
 10
-29.244297568805955
 20
10.716473650278033
 10
-29.27555171805045
 20
10.649357995240466
 10
-29.307315226694485
 20
10.582841015801934
 10
-29.33956048704021
 20
10.516951573319897
 10
-29.37225927089433
 20
10.451716611294064
 10
-29.40538286492409
 20
10.387161098469681
 10
-29.438902205450564
 20
10.32330798581598
 10
-29.472788011449047
 20
10.260178177194152
 10
-29.50701091460094
 20
10.197790513374853
 10
-29.54154158533201
 20
10.136161768923525
 10
-29.576350853873034
 20
10.07530666134696
 10
-29.611409825490345
 20
10.01523787178576
 10
-29.646689989150712
 20
9.955966076447673
 10
-29.682163319006307
 20
9.89749998790431
 10
-29.717802368207444
 20
9.839846405320825
 10
-29.75358035467146
 20
9.783010272651756
 10
-29.78947123855322
 20
9.726994743817908
 10
-29.82544979127462
 20
9.671801253875639
 10
-29.861491656075007
 20
9.617429595201552
 10
-29.897573400141184
 20
9.563877997739336
 10
-29.933672558462675
 20
9.511143212390953
 10
-29.969767669635967
 20
9.45922059667862
 10
-30.00583830390788
 20
9.408104201856396
 10
-30.041865083806087
 20
9.357786860708023
 10
-30.07782969775102
 20
9.308260275330184
 10
-30.113714907080634
 20
9.25951510426523
 10
-30.149504546946815
 20
9.211541048414146
 10
-30.185183521561427
 20
9.164326935226926
 10
-30.220737794280353
 20
9.117860800733443
 10
-30.256154373017708
 20
9.072129969041638
 10
-30.29142129147914
 20
9.027121128991192
 10
-30.32652758669488
 20
8.982820407708813
 10
-30.36146327331953
 20
8.939213440865785
 10
-30.39621931514825
 20
8.89628543948858
 10
-30.430787594278506
 20
8.854021253219653
 10
-30.465160878323182
 20
8.81240542996725
 10
-30.499332786055888
 20
8.771422271920445
 10
-30.533297751843087
 20
8.731055887938904
 10
-30.567050989190328
 20
8.69129024235573
 10
-30.600588453702812
 20
8.652109200256792
 10
-30.633906805733226
 20
8.613496569321168
 10
-30.667003372962817
 20
8.575436138324907
 10
-30.699876113135993
 20
8.537911712424922
 10
-30.732523577143574
 20
8.50090714535086
 10
-30.764944872625712
 20
8.464406368642088
 10
-30.797139628243528
 20
8.428393418072453
 10
-30.82910795874661
 20
8.392852457410145
 10
-30.86085043094426
 20
8.357767799661836
 10
-30.89236803067007
 20
8.323123925950911
 10
-30.923662130812325
 20
8.288905502178597
 10
-30.95473446046782
 20
8.255097393614701
 10
-30.9855870752624
 20
8.221684677561482
 10
-31.016222328869468
 20
8.188652654230232
 10
-31.046642845746
 20
8.155986855965416
 10
-31.076851495096165
 20
8.12367305494606
 10
-31.10685136606351
 20
8.091697269488526
 10
-31.136645744145333
 20
8.06004576906887
 10
-31.166238088815973
 20
8.028705078177072
 10
-31.19563201234027
 20
7.997661979109078
 10
-31.224831259753408
 20
7.966903513796703
 10
-31.253839689979685
 20
7.936416984769109
 10
-31.282661258059
 20
7.9061899553336925
 10
-31.311299998447616
 20
7.876210249058288
 10
-31.339760009357192
 20
7.8464659486308275
 10
-31.368045438095116
 20
7.816945394167295
 10
-31.396160467367515
 20
7.787637181033214
 10
-31.42410930250579
 20
7.75853015723915
 10
-31.4518961595774
 20
7.7296134204656815
 10
-31.479525254341155
 20
7.700876314768902
 10
-31.507000792007887
 20
7.672308427013056
 10
-31.534326957767497
 20
7.643899583072984
 10
-31.56150790804415
 20
7.615639843845104
 10
-31.588547762442275
 20
7.587519501102291
 10
-31.61545059634671
 20
7.5595290732245175
 10
-31.64222043414152
 20
7.531659300834026
 10
-31.668861243013026
 20
7.503901142361077
 10
-31.695376927303997
 20
7.476245769563505
 10
-31.72177132338671
 20
7.448684563020944
 10
-31.748048195024396
 20
7.4212091076222135
 10
-31.774211229191224
 20
7.393811188062347
 10
-31.800264032323028
 20
7.366482784363861
 10
-31.82621012697139
 20
7.339216067434966
 10
-31.852052948835663
 20
7.312003394675899
 10
-31.877795844148395
 20
7.2848373056431175
 10
-31.903442067390884
 20
7.257710517779677
 10
-31.928994779316767
 20
7.230615922218952
 10
-31.95445704526302
 20
7.203546579667734
 10
-31.979831833728163
 20
7.176495716373692
 10
-32.00512201519946
 20
7.14945672018146
 10
-32.03033036121107
 20
7.12242313668054
 10
-32.05545954361687
 20
7.09538866544767
 10
-32.08051213406196
 20
7.068347156385585
 10
-32.10549060363842
 20
7.04129260615953
 10
-32.13039732271123
 20
7.014219154732374
 10
-32.15523456090147
 20
6.987121081998609
 10
-32.18000448721453
 20
6.959992804517274
 10
-32.20470917030191
 20
6.9328288723433555
 10
-32.22935057884594
 20
6.905623965957002
 10
-32.25393058205721
 20
6.878372893289416
 10
-32.27845095027548
 20
6.851070586844341
 10
-32.30291335566531
 20
6.823712100913587
 10
-32.32731937299812
 20
6.796292608885049
 10
-32.35167048051305
 20
6.768807400641344
 10
-32.375968060849544
 20
6.741251880047258
 10
-32.400213402044976
 20
6.713621562523972
 10
-32.424407698591196
 20
6.685912072707941
 10
-32.44855205254415
 20
6.65811914219232
 10
-32.47264747468129
 20
6.630238607348683
 10
-32.49669488570183
 20
6.602266407226823
 10
-32.52069511746508
 20
6.574198581530386
 10
-32.54464891426287
 20
6.5460312686660025
 10
-32.56855693412177
 20
6.517760703863638
 10
-32.59241975013173
 20
6.489383217365951
 10
-32.61623785179744
 20
6.460895232684283
 10
-32.64001164640964
 20
6.43229326491916
 10
-32.66374146043305
 20
6.403573919142939
 10
-32.687427540908665
 20
6.3747338888425364
 10
-32.7110700568676
 20
6.345769954419977
 10
-32.73466910075441
 20
6.316678981748729
 10
-32.75822468985775
 20
6.287457920783644
 10
-32.78173676774641
 20
6.258103804222564
 10
-32.80520520570899
 20
6.2286137462175155
 10
-32.828629804195586
 20
6.198984941133615
 10
-32.85201029426
 20
6.1692146623537045
 10
-32.87534633900113
 20
6.139300261126969
 10
-32.89863753500232
 20
6.109239165459604
 10
-32.92188341376744
 20
6.079028879045935
 10
-32.94508344315275
 20
6.048666980238107
 10
-32.968237028793666
 20
6.018151121052886
 10
-32.99134351552544
 20
5.987479026213787
 10
-33.014402188797064
 20
5.956648492227107
 10
-33.037412276077674
 20
5.92565738649027
 10
-33.06037294825495
 20
5.894503646431106
 10
-33.08328332102473
 20
5.863185278676557
 10
-33.106142456271456
 20
5.831700358249558
 10
-33.12894936343914
 20
5.800047027792654
 10
-33.15170300089213
 20
5.7682234968172015
 10
-33.174402277265635
 20
5.736228040976814
 10
-33.19704605280548
 20
5.704059001363964
 10
-33.219633140697
 20
5.671714783828492
 10
-33.24216230838265
 20
5.639193858317041
 10
-33.26463227886826
 20
5.60649475823223
 10
-33.28704173201776
 20
5.573616079810637
 10
-33.309389305836135
 20
5.540556481518525
 10
-33.33167359774051
 20
5.507314683464447
 10
-33.35389316581948
 20
5.473889466827717
 10
-33.37604653008015
 20
5.440279673301943
 10
-33.398132173683386
 20
5.406484204552731
 10
-33.42014854416674
 20
5.3725020216887724
 10
-33.44209405465535
 20
5.33833214474548
 10
-33.46396708506066
 20
5.303973652180499
 10
-33.48576598326691
 20
5.269425680380282
 10
-33.5074890663057
 20
5.234687423177096
 10
-33.52913462151814
 20
5.199758131375745
 10
-33.550700907705156
 20
5.1646371122894195
 10
-33.572186156265566
 20
5.129323729283971
 10
-33.593588572322325
 20
5.093817401330144
 10
-33.614906335836594
 20
5.058117602563045
 10
-33.636137602710164
 20
5.022223861848456
 10
-33.65728050587578
 20
4.9861357623553335
 10
-33.67833315637589
 20
4.949852941134112
 10
-33.6992936444296
 20
4.9133750887002146
 10
-33.72016004048801
 20
4.876701948622426
 10
-33.740930396277946
 20
4.839833317115575
 10
-33.7616027458343
 20
4.802769042637221
 10
-33.78217510652088
 20
4.7655090254878045
 10
-33.8026454800399
 20
4.728053217414008
 10
-33.823011853430366
 20
4.690401621214864
 10
-33.84327220005507
 20
4.652554290350299
 10
-33.863424480576676
 20
4.614511328551745
 10
-33.88346664392266
 20
4.576272889434559
 10
-33.9033966282394
 20
4.5378391761118015
 10
-33.92321236183527
 20
4.499210440809303
 10
-33.942911764113084
 20
4.460386984481495
 10
-33.962492746491726
 20
4.421369156427892
 10
-33.98195321331721
 20
4.38215735390993
 10
-34.00129106276308
 20
4.342752021767884
 10
-34.02050418772038
 20
4.303153652037684
 10
-34.03959047667716
 20
4.26336278356737
 10
-34.05854781458765
 20
4.223380001632991
 10
-34.0773740837311
 20
4.183205937553746
 10
-34.09606716456037
 20
4.1428412683061655
 10
-34.11462493654038
 20
4.102286716137186
 10
-34.133045278976496
 20
4.0615430481759045
 10
-34.15132607183271
 20
4.020611076043874
 10
-34.16946519654
 20
3.9794916554637956
 10
-34.1874605367946
 20
3.9381856858664417
 10
-34.205309979346474
 20
3.8966941099956793
 10
-34.22301141477787
 20
3.8550179135114853
 10
-34.24056273827216
 20
3.8131581245907906
 10
-34.25796185037288
 20
3.7711158135260954
 10
-34.27520665773306
 20
3.7288920923216935
 10
-34.29229507385491
 20
3.6864881142874406
 10
-34.30922501981993
 20
3.643905073629969
 10
-34.325994425009306
 20
3.601144205041243
 10
-34.34260122781495
 20
3.5582067832844047
 10
-34.359043376340836
 20
3.5150941227768033
 10
-34.37531882909498
 20
3.4718075771701615
 10
-34.391425555671944
 20
3.4283485389278114
 10
-34.40736153742593
 20
3.3847184388989344
 10
-34.42312476813439
 20
3.3409187458897485
 10
-34.43871325465246
 20
3.2969509662316243
 10
-34.45412501755791
 20
3.2528166433460424
 10
-34.46935809178676
 20
3.2085173573063956
 10
-34.48441052725971
 20
3.1640547243965655
 10
-34.49928038949926
 20
3.1194303966662806
 10
-34.51396576023746
 20
3.0746460614831936
 10
-34.52846473801461
 20
3.0297034410816943
 10
-34.54277543876859
 20
2.984604292108396
 10
-34.55689599641498
 20
2.9393504051643387
 10
-34.57082456341814
 20
2.8939436043438382
 10
-34.584559311352926
 20
2.84838574677003
 10
-34.598098431457274
 20
2.8026787221270615
 10
-34.61144013517568
 20
2.7568244521889635
 10
-34.62458265469349
 20
2.7108248903451893
 10
-34.63752424346203
 20
2.664682021122835
 10
-34.650263176714574
 20
2.618397859705541
 10
-34.66279775197324
 20
2.5719744514491105
 10
-34.675126289546654
 20
2.525413871393832
 10
-34.687247133018616
 20
2.478718223773545
 10
-34.6991586497275
 20
2.431889641521461
 10
-34.71085923123663
 20
2.3849302857727714
 10
-34.72234729379548
 20
2.337842345364056
 10
-34.73362127879177
 20
2.290628036329534
 10
-34.74467965319447
 20
2.2432896013941805
 10
-34.75552090998754
 20
2.195829309463747
 10
-34.76614356859479
 20
2.1482494551117126
 10
-34.776546175295394
 20
2.10055235806322
 10
-34.786727303630364
 20
2.052740362676012
 10
-34.796685554799865
 20
2.004815837418441
 10
-34.80641955805149
 20
1.9567811743445593
 10
-34.815927971059196
 20
1.9086387885663672
 10
-34.825209480293346
 20
1.8603911177232477
 10
-34.83426280138138
 20
1.8120406214486446
 10
-34.843086679459475
 20
1.7635897808340277
 10
-34.85167988951501
 20
1.7150410978902222
 10
-34.860041236719866
 20
1.6663970950060474
 10
-34.86816955675452
 20
1.6176603144045796
 10
-34.87606371612301
 20
1.5688333175967533
 10
-34.88372261245877
 20
1.5199186848326098
 10
-34.89114517482117
 20
1.4709190145501645
 10
-34.89833036398291
 20
1.4218369228219458
 10
-34.90527717270829
 20
1.3726750427992995
 10
-34.91198462602217
 20
1.3234360241544874
 10
-34.918451781469756
 20
1.2741225325206758
 10
-34.92467772936722
 20
1.2247372489298511
 10
-34.93066159304306
 20
1.1752828692487558
 10
-34.93640252907021
 20
1.1257621036128835
 10
-34.94189972748896
 20
1.0761776758586301
 10
-34.947152412020635
 20
1.026532322953643
 10
-34.95215984027198
 20
0.9768287944254633
 10
-34.95692130393039
 20
0.9270698517885076
 10
-34.96143612894978
 20
0.8772582679694869
 10
-34.96570367572725
 20
0.8273968267313043
 10
-34.96972333927051
 20
0.7774883220955403
 10
-34.97349454935595
 20
0.7275355577635598
 10
-34.977016770677544
 20
0.6775413465363573
 10
-34.98028950298638
 20
0.6275085097331708
 10
-34.98331228122095
 20
0.5774398766089854
 10
-34.98608467562813
 20
0.5273382837709574
 10
-34.988606291874945
 20
0.4772065745938785
 10
-34.990876771150894
 20
0.4270475986347162
 10
-34.992895790261116
 20
0.3768642110463473
 10
-34.99466306171017
 20
0.32665927199052175
 10
-34.99617833377654
 20
0.2764356460501763
 10
-34.997441390577855
 20
0.2261962016411347
 10
-34.99845205212672
 20
0.17594381042331386
 10
-34.99921017437735
 20
0.12568134671147424
 10
-34.99971564926279
 20
0.0754116868856336
 10
-34.99996840472288
 20
0.025137708801183368
 10
-34.99996840472288
 20
-0.025137708801173567
 10
-34.99971564926279
 20
-0.07541168688562377
 10
-34.99921017437735
 20
-0.12568134671146447
 10
-34.99845205212672
 20
-0.17594381042330404
 10
-34.997441390577855
 20
-0.2261962016411249
 10
-34.99617833377655
 20
-0.27643564605016635
 10
-34.99466306171017
 20
-0.3266592719905119
 10
-34.992895790261116
 20
-0.3768642110463375
 10
-34.9908767711509
 20
-0.4270475986347064
 10
-34.988606291874945
 20
-0.47720657459386867
 10
-34.98608467562813
 20
-0.5273382837709475
 10
-34.98331228122095
 20
-0.5774398766089757
 10
-34.98028950298638
 20
-0.6275085097331612
 10
-34.977016770677544
 20
-0.6775413465363475
 10
-34.97349454935595
 20
-0.7275355577635503
 10
-34.96972333927051
 20
-0.7774883220955306
 10
-34.965703675727255
 20
-0.8273968267312948
 10
-34.961436128949785
 20
-0.8772582679694771
 10
-34.9569213039304
 20
-0.9270698517884981
 10
-34.95215984027198
 20
-0.9768287944254535
 10
-34.947152412020635
 20
-1.0265323229536334
 10
-34.94189972748896
 20
-1.0761776758586206
 10
-34.93640252907021
 20
-1.1257621036128738
 10
-34.93066159304306
 20
-1.1752828692487463
 10
-34.92467772936722
 20
-1.2247372489298416
 10
-34.918451781469756
 20
-1.2741225325206662
 10
-34.91198462602217
 20
-1.323436024154478
 10
-34.905277172708296
 20
-1.37267504279929
 10
-34.898330363982915
 20
-1.4218369228219194
 10
-34.891145174821176
 20
-1.470919014550137
 10
-34.883722612458776
 20
-1.5199186848325834
 10
-34.876063716123014
 20
-1.5688333175967262
 10
-34.86816955675452
 20
-1.6176603144045527
 10
-34.86004123671987
 20
-1.6663970950060203
 10
-34.85167988951502
 20
-1.7150410978901949
 10
-34.843086679459475
 20
-1.763589780834018
 10
-34.83426280138138
 20
-1.8120406214486353
 10
-34.82520948029335
 20
-1.8603911177232382
 10
-34.8159279710592
 20
-1.908638788566358
 10
-34.80641955805149
 20
-1.9567811743445507
 10
-34.796685554799865
 20
-2.004815837418432
 10
-34.786727303630364
 20
-2.052740362676003
 10
-34.776546175295394
 20
-2.1005523580632097
 10
-34.76614356859479
 20
-2.1482494551117037
 10
-34.75552090998753
 20
-2.1958293094637376
 10
-34.74467965319446
 20
-2.2432896013941708
 10
-34.73362127879177
 20
-2.290628036329525
 10
-34.72234729379548
 20
-2.3378423453640464
 10
-34.710859231236626
 20
-2.3849302857727617
 10
-34.6991586497275
 20
-2.4318896415214515
 10
-34.68724713301862
 20
-2.4787182237735346
 10
-34.675126289546654
 20
-2.5254138713938223
 10
-34.66279775197323
 20
-2.5719744514491008
 10
-34.65026317671458
 20
-2.6183978597055324
 10
-34.63752424346203
 20
-2.664682021122826
 10
-34.62458265469349
 20
-2.7108248903451813
 10
-34.611440135175684
 20
-2.7568244521889556
 10
-34.598098431457274
 20
-2.8026787221270517
 10
-34.58455931135293
 20
-2.848385746770021
 10
-34.57082456341815
 20
-2.8939436043438285
 10
-34.55689599641498
 20
-2.9393504051643293
 10
-34.54277543876859
 20
-2.9846042921083877
 10
-34.52846473801461
 20
-3.0297034410816854
 10
-34.51396576023747
 20
-3.074646061483186
 10
-34.49928038949927
 20
-3.1194303966662718
 10
-34.484410527259726
 20
-3.1640547243965567
 10
-34.46935809178676
 20
-3.208517357306387
 10
-34.45412501755791
 20
-3.2528166433460335
 10
-34.43871325465247
 20
-3.296950966231615
 10
-34.423124768134386
 20
-3.3409187458897405
 10
-34.40736153742593
 20
-3.3847184388989255
 10
-34.39142555567195
 20
-3.4283485389278043
 10
-34.37531882909499
 20
-3.4718075771701526
 10
-34.35904337634084
 20
-3.5150941227767953
 10
-34.34260122781496
 20
-3.5582067832843975
 10
-34.32599442500931
 20
-3.601144205041234
 10
-34.30922501981993
 20
-3.643905073629961
 10
-34.292295073854916
 20
-3.6864881142874326
 10
-34.27520665773305
 20
-3.7288920923216846
 10
-34.25796185037289
 20
-3.7711158135260874
 10
-34.24056273827217
 20
-3.8131581245907817
 10
-34.22301141477788
 20
-3.8550179135114764
 10
-34.20530997934648
 20
-3.8966941099956736
 10
-34.1874605367946
 20
-3.938185685866433
 10
-34.16946519654002
 20
-3.9794916554637885
 10
-34.15132607183272
 20
-4.020611076043867
 10
-34.13304527897649
 20
-4.061543048175895
 10
-34.11462493654039
 20
-4.102286716137177
 10
-34.09606716456037
 20
-4.1428412683061575
 10
-34.07737408373111
 20
-4.183205937553739
 10
-34.05854781458767
 20
-4.223380001632985
 10
-34.03959047667716
 20
-4.263362783567361
 10
-34.02050418772038
 20
-4.303153652037675
 10
-34.00129106276309
 20
-4.342752021767861
 10
-33.98195321331722
 20
-4.382157353909909
 10
-33.96249274649174
 20
-4.421369156427872
 10
-33.94291176411309
 20
-4.460386984481476
 10
-33.92321236183527
 20
-4.49921044080928
 10
-33.903396628239406
 20
-4.537839176111781
 10
-33.88346664392267
 20
-4.5762728894345415
 10
-33.863424480576676
 20
-4.614511328551739
 10
-33.84327220005507
 20
-4.652554290350288
 10
-33.82301185343036
 20
-4.690401621214858
 10
-33.802645480039914
 20
-4.728053217414001
 10
-33.78217510652089
 20
-4.765509025487798
 10
-33.76160274583431
 20
-4.8027690426372125
 10
-33.74093039627796
 20
-4.839833317115568
 10
-33.720160040488025
 20
-4.876701948622417
 10
-33.699293644429616
 20
-4.91337508870021
 10
-33.678333156375885
 20
-4.949852941134103
 10
-33.65728050587578
 20
-4.986135762355326
 10
-33.63613760271017
 20
-5.022223861848448
 10
-33.614906335836615
 20
-5.058117602563039
 10
-33.593588572322325
 20
-5.093817401330132
 10
-33.57218615626557
 20
-5.129323729283964
 10
-33.55070090770516
 20
-5.1646371122894115
 10
-33.52913462151815
 20
-5.1997581313757415
 10
-33.507489066305695
 20
-5.2346874231770855
 10
-33.485765983266916
 20
-5.269425680380275
 10
-33.46396708506066
 20
-5.303973652180493
 10
-33.44209405465537
 20
-5.338332144745474
 10
-33.42014854416674
 20
-5.372502021688762
 10
-33.3981321736834
 20
-5.406484204552725
 10
-33.37604653008015
 20
-5.440279673301935
 10
-33.35389316581948
 20
-5.473889466827712
 10
-33.33167359774052
 20
-5.507314683464438
 10
-33.30938930583613
 20
-5.540556481518518
 10
-33.28704173201777
 20
-5.5736160798106305
 10
-33.26463227886826
 20
-5.606494758232229
 10
-33.242162308382646
 20
-5.6391938583170305
 10
-33.219633140697006
 20
-5.671714783828483
 10
-33.19704605280549
 20
-5.704059001363958
 10
-33.17440227726565
 20
-5.736228040976812
 10
-33.15170300089213
 20
-5.768223496817193
 10
-33.12894936343914
 20
-5.800047027792646
 10
-33.10614245627146
 20
-5.83170035824955
 10
-33.08328332102473
 20
-5.8631852786765535
 10
-33.06037294825496
 20
-5.894503646431095
 10
-33.037412276077674
 20
-5.925657386490263
 10
-33.014402188797064
 20
-5.956648492227101
 10
-32.99134351552545
 20
-5.987479026213785
 10
-32.96823702879367
 20
-6.0181511210528775
 10
-32.945083443152754
 20
-6.0486669802380995
 10
-32.921883413767446
 20
-6.079028879045929
 10
-32.89863753500233
 20
-6.109239165459604
 10
-32.875346339001126
 20
-6.139300261126958
 10
-32.85201029425999
 20
-6.169214662353699
 10
-32.828629804195586
 20
-6.1989849411336095
 10
-32.805205205709
 20
-6.228613746217514
 10
-32.78173676774641
 20
-6.258103804222554
 10
-32.75822468985775
 20
-6.287457920783637
 10
-32.73466910075442
 20
-6.3166789817487246
 10
-32.711070056867605
 20
-6.345769954419976
 10
-32.68742754090867
 20
-6.374733888842526
 10
-32.66374146043305
 20
-6.403573919142933
 10
-32.64001164640965
 20
-6.432293264919155
 10
-32.61623785179745
 20
-6.460895232684267
 10
-32.59241975013175
 20
-6.4893832173659325
 10
-32.56855693412179
 20
-6.517760703863626
 10
-32.54464891426288
 20
-6.546031268665981
 10
-32.52069511746508
 20
-6.574198581530369
 10
-32.49669488570184
 20
-6.602266407226805
 10
-32.47264747468131
 20
-6.630238607348671
 10
-32.448552052544166
 20
-6.658119142192319
 10
-32.42440769859119
 20
-6.685912072707934
 10
-32.40021340204498
 20
-6.713621562523967
 10
-32.37596806084955
 20
-6.741251880047255
 10
-32.35167048051306
 20
-6.768807400641332
 10
-32.32731937299812
 20
-6.796292608885043
 10
-32.30291335566531
 20
-6.823712100913583
 10
-32.27845095027548
 20
-6.851070586844335
 10
-32.253930582057215
 20
-6.878372893289415
 10
-32.22935057884595
 20
-6.905623965956995
 10
-32.20470917030192
 20
-6.93282887234335
 10
-32.18000448721453
 20
-6.959992804517267
 10
-32.15523456090147
 20
-6.987121081998598
 10
-32.13039732271124
 20
-7.01421915473237
 10
-32.10549060363843
 20
-7.041292606159523
 10
-32.08051213406197
 20
-7.068347156385578
 10
-32.055459543616884
 20
-7.095388665447673
 10
-32.03033036121108
 20
-7.122423136680536
 10
-32.00512201519946
 20
-7.1494567201814565
 10
-31.97983183372817
 20
-7.176495716373687
 10
-31.95445704526302
 20
-7.203546579667723
 10
-31.928994779316774
 20
-7.23061592221895
 10
-31.90344206739089
 20
-7.25771051777967
 10
-31.87779584414841
 20
-7.284837305643112
 10
-31.85205294883567
 20
-7.312003394675896
 10
-31.82621012697139
 20
-7.3392160674349585
 10
-31.800264032323028
 20
-7.366482784363855
 10
-31.77421122919123
 20
-7.393811188062342
 10
-31.74804819502439
 20
-7.421209107622204
 10
-31.72177132338672
 20
-7.448684563020939
 10
-31.695376927303997
 20
-7.4762457695635
 10
-31.668861243013026
 20
-7.503901142361071
 10
-31.642220434141535
 20
-7.531659300834027
 10
-31.61545059634671
 20
-7.559529073224514
 10
-31.588547762442275
 20
-7.587519501102286
 10
-31.56150790804415
 20
-7.615639843845096
 10
-31.534326957767497
 20
-7.643899583072974
 10
-31.507000792007894
 20
-7.672308427013052
 10
-31.479525254341155
 20
-7.700876314768895
 10
-31.4518961595774
 20
-7.729613420465677
 10
-31.424109302505798
 20
-7.758530157239147
 10
-31.396160467367515
 20
-7.787637181033208
 10
-31.368045438095123
 20
-7.816945394167287
 10
-31.339760009357192
 20
-7.846465948630822
 10
-31.31129999844761
 20
-7.876210249058275
 10
-31.282661258059008
 20
-7.906189955333688
 10
-31.253839689979685
 20
-7.936416984769105
 10
-31.224831259753415
 20
-7.9669035137967
 10
-31.195632012340283
 20
-7.997661979109076
 10
-31.16623808881598
 20
-8.028705078177067
 10
-31.136645744145333
 20
-8.060045769068862
 10
-31.106851366063516
 20
-8.091697269488517
 10
-31.076851495096165
 20
-8.12367305494605
 10
-31.046642845746007
 20
-8.15598685596541
 10
-31.016222328869468
 20
-8.188652654230225
 10
-30.98558707526241
 20
-8.221684677561477
 10
-30.954734460467826
 20
-8.255097393614696
 10
-30.923662130812332
 20
-8.288905502178592
 10
-30.892368030670085
 20
-8.323123925950892
 10
-30.860850430944268
 20
-8.357767799661813
 10
-30.82910795874662
 20
-8.392852457410124
 10
-30.797139628243556
 20
-8.428393418072433
 10
-30.764944872625733
 20
-8.464406368642068
 10
-30.73252357714359
 20
-8.500907145350837
 10
-30.699876113136014
 20
-8.537911712424899
 10
-30.667003372962824
 20
-8.575436138324902
 10
-30.633906805733233
 20
-8.613496569321157
 10
-30.60058845370282
 20
-8.652109200256785
 10
-30.567050989190328
 20
-8.691290242355722
 10
-30.5332977518431
 20
-8.731055887938897
 10
-30.499332786055895
 20
-8.771422271920436
 10
-30.465160878323182
 20
-8.81240542996724
 10
-30.430787594278506
 20
-8.854021253219644
 10
-30.396219315148265
 20
-8.896285439488572
 10
-30.361463273319544
 20
-8.939213440865778
 10
-30.326527586694887
 20
-8.982820407708807
 10
-30.29142129147914
 20
-9.027121128991183
 10
-30.256154373017708
 20
-9.07212996904163
 10
-30.220737794280375
 20
-9.117860800733434
 10
-30.185183521561427
 20
-9.164326935226919
 10
-30.14950454694683
 20
-9.211541048414137
 10
-30.11371490708064
 20
-9.25951510426522
 10
-30.077829697751035
 20
-9.308260275330174
 10
-30.04186508380608
 20
-9.357786860708016
 10
-30.00583830390788
 20
-9.408104201856387
 10
-29.969767669635978
 20
-9.459220596678609
 10
-29.933672558462693
 20
-9.511143212390941
 10
-29.89757340014118
 20
-9.563877997739331
 10
-29.86149165607501
 20
-9.617429595201543
 10
-29.825449791274625
 20
-9.671801253875628
 10
-29.789471238553237
 20
-9.72699474381789
 10
-29.753580354671456
 20
-9.783010272651751
 10
-29.71780236820745
 20
-9.839846405320811
 10
-29.682163319006317
 20
-9.8974999879043
 10
-29.64668998915073
 20
-9.955966076447655
 10
-29.611409825490348
 20
-10.015237871785757
 10
-29.576350853873038
 20
-10.075306661346945
 10
-29.541541585332013
 20
-10.136161768923515
 10
-29.50701091460095
 20
-10.197790513374832
 10
-29.472788011449047
 20
-10.260178177194147
 10
-29.438902205450567
 20
-10.323307985815969
 10
-29.405382864924093
 20
-10.387161098469669
 10
-29.372259270894347
 20
-10.45171661129404
 10
-29.339560487040206
 20
-10.516951573319893
 10
-29.307315226694485
 20
-10.58284101580192
 10
-29.27555171805045
 20
-10.649357995240454
 10
-29.24429756880597
 20
-10.716473650278008
 10
-29.213579631533214
 20
-10.784157272489757
 10
-29.18342387110141
 20
-10.852376390911468
 10
-29.15385523549696
 20
-10.921096869968425
 10
-29.12489753138131
 20
-10.990283020286133
 10
-29.096573305698143
 20
-11.059897721683779
 10
-29.06890373459063
 20
-11.12990255747678
 10
-29.041908520814985
 20
-11.200257959050703
 10
-29.01560580074039
 20
-11.270923359517248
 10
-28.990012061908775
 20
-11.341857355129957
 10
-28.965142071993952
 20
-11.413017873023337
 10
-28.941008819849237
 20
-11.484362343749037
 10
-28.91762346917178
 20
-11.55584787701669
 10
-28.89499532514114
 20
-11.627431439008717
 10
-28.873131814214734
 20
-11.699070029626213
 10
-28.852038477086925
 20
-11.770720858039263
 10
-28.831718974645252
 20
-11.842341514956685
 10
-28.812175106590885
 20
-11.913890140097903
 10
-28.793406842233168
 20
-11.98532558344157
 10
-28.77541236282477
 20
-12.0566075589356
 10
-28.758188114675132
 20
-12.127696789484311
 10
-28.741728872169233
 20
-12.198555142172115
 10
-28.726027809727082
 20
-12.269145752838096
 10
-28.71107658166738
 20
-12.339433139279077
 10
-28.696865408887998
 20
-12.409383302524857
 10
-28.683383171244696
 20
-12.478963815796174
 10
-28.6706175044989
 20
-12.548143900919978
 10
-28.65855490071241
 20
-12.616894492133845
 10
-28.647180810992136
 20
-12.685188287361019
 10
-28.636479749528075
 20
-12.752999787175812
 10
-28.626435397921334
 20
-12.820305321804208
 10
-28.617030708864327
 20
-12.887083066616592
 10
-28.60824800830949
 20
-12.953313046665894
 10
-28.60006909534402
 20
-13.018977130905343
 10
-28.59247533907421
 20
-13.084059016786167
 10
-28.585447771911703
 20
-13.148544205985004
 10
-28.578967178743756
 20
-13.212419972046936
 10
-28.573014181558385
 20
-13.275675320751576
 10
-28.567569319181565
 20
-13.338300944017776
 10
-28.562613121867034
 20
-13.400289168160203
 10
-28.558126180557075
 20
-13.461633897297052
 10
-28.554089210705477
 20
-13.52233055268584
 10
-28.55048311062099
 20
-13.582376008734162
 10
-28.54728901434934
 20
-13.641768526395232
 10
-28.54448833916545
 20
-13.700507684617019
 10
-28.542062827794567
 20
-13.758594310468155
 10
-28.539994585520642
 20
-13.816030408515617
 10
-28.538266112373996
 20
-13.872819089979929
 10
-28.536860330617742
 20
-13.928964502143204
 10
-28.535760607773685
 20
-13.98447175843518
 10
-28.534950775444763
 20
-14.039346869573565
 10
-28.534415144202093
 20
-14.093596676086804
 10
-28.534138514811353
 20
-14.147228782501957
 10
-28.534106186076315
 20
-14.200251493436953
 10
-28.534303959575983
 20
-14.252673751795296
 10
-28.534718141568803
 20
-14.304505079223722
 10
-28.53533554233069
 20
-14.35575551895794
 10
-28.536143473185355
 20
-14.406435581149635
 10
-28.53712974147576
 20
-14.456556190738874
 10
-28.538282643713515
 20
-14.506128637909779
 10
-28.53959095713133
 20
-14.55516453114428
 10
-28.541043929850197
 20
-14.603675752868199
 10
-28.542631269859577
 20
-14.65167441766605
 10
-28.544343132995166
 20
-14.699172833025496
 10
-28.5461701100853
 20
-14.746183462559518
 10
-28.548103213422905
 20
-14.792718891643093
 10
-28.550133862707593
 20
-14.83879179539248
 10
-28.552253870588537
 20
-14.884414908907644
 10
-28.554455427927152
 20
-14.929600999693019
 10
-28.556731088886572
 20
-14.974362842167395
 10
-28.55907375594353
 20
-15.018713194170912
 10
-28.561476664907715
 20
-15.062664775375215
 10
-28.56393337002398
 20
-15.10623024750216
 10
-28.56643772922321
 20
-15.149422196256364
 10
-28.568983889579332
 20
-15.192253114877705
 10
-28.57156627302173
 20
-15.23473538922126
 10
-28.574179562345336
 20
-15.27688128427401
 10
-28.576818687553832
 20
-15.318702932020043
 10
-28.579478812565302
 20
-15.360212320568618
 10
-28.58215532230428
 20
-15.40142128446228
 10
-28.584843810199093
 20
-15.44234149608554
 10
-28.58754006609885
 20
-15.482984458097874
 10
-28.590240064620797
 20
-15.523361496817916
 10
-28.592939953934547
 20
-15.563483756489646
 10
-28.595636044987394
 20
-15.603362194364427
 10
-28.59832480117131
 20
-15.643007576536396
 10
-28.60100282843052
 20
-15.682430474472028
 10
-28.603666865805913
 20
-15.721641262178148
 10
-28.60631377641123
 20
-15.760650113955874
 10
-28.60894053883379
 20
-15.799467002691149
 10
-28.611544238952035
 20
-15.838101698635612
 10
-28.61412206216022
 20
-15.87656376863461
 10
-28.616671285990424
 20
-15.9148625757618
 10
-28.619189273120803
 20
-15.953007279322753
 10
-28.62167346475872
 20
-15.991006835192392
 10
-28.624121374386853
 20
-16.028869996453626
 10
-28.626530581860212
 20
-16.066605314306962
 10
-28.628898727841484
 20
-16.10422113922295
 10
-28.631223508562407
 20
-16.14172562231153
 10
-28.633502670898523
 20
-16.179126716884316
 10
-28.635734007745008
 20
-16.21643218018763
 10
-28.637915353681016
 20
-16.25364957528596
 10
-28.640044580910427
 20
-16.290786273077025
 10
-28.642119595467072
 20
-16.327849454421326
 10
-28.644138333672505
 20
-16.364846112370323
 10
-28.646098758834988
 20
-16.401783054478827
 10
-28.6479988581783
 20
-16.43866690518841
 10
-28.649836639989644
 20
-16.475504108269774
 10
-28.651610130975982
 20
-16.512300929313152
 10
-28.653317373818627
 20
-16.549063458256757
 10
-28.65495642491611
 20
-16.585797611944212
 10
-28.65652535230586
 20
-16.622509136702867
 10
-28.65802223375552
 20
-16.65920361093557
 10
-28.659445155015025
 20
-16.695886447719204
 10
-28.660792208220975
 20
-16.732562897404133
 10
-28.662061490445055
 20
-16.76923805020913
 10
-28.663251102378997
 20
-16.805916838806972
 10
-28.664359147148275
 20
-16.84260404089663
 10
-28.66538372924752
 20
-16.879304281758113
 10
-28.666322953590974
 20
-16.916022036786735
 10
-28.667174924671265
 20
-16.952761634003938
 10
-28.66793774582043
 20
-16.989527256542086
 10
-28.668609518567145
 20
-17.02632294510103
 10
-28.66918834208465
 20
-17.063152600374657
 10
-28.669672312723996
 20
-17.100019985445698
 10
-28.67005952362737
 20
-17.13692872814761
 10
-28.670348064416817
 20
-17.173882323392274
 10
-28.670536020953566
 20
-17.21088413546281
 10
-28.67062147516385
 20
-17.247937400270597
 10
-28.670602504926787
 20
-17.285045227576173
 10
-28.67047718402052
 20
-17.322210603173563
 10
-28.670243582122826
 20
-17.35943639103779
 10
-28.66989976486277
 20
-17.396725335435555
 10
-28.669443793919818
 20
-17.434080062999055
 10
-28.668873727167465
 20
-17.471503084763043
 10
-28.668187618858123
 20
-17.508996798165406
 10
-28.667383519846737
 20
-17.546563489011525
 10
-28.666459477850022
 20
-17.58420533340271
 10
-28.66541353773919
 20
-17.621924399629297
 10
-28.66424374186328
 20
-17.659722650028698
 10
-28.662948130401357
 20
-17.69760194280909
 10
-28.661524741740926
 20
-17.735564033839204
 10
-28.659971612880717
 20
-17.773610578404856
 10
-28.658286779856
 20
-17.811743132932886
 10
-28.656468278184484
 20
-17.84996315668311
 10
-28.65451414333105
 20
-17.88827201340891
 10
-28.652422411189725
 20
-17.926670972987313
 10
-28.650191118581546
 20
-17.965161213019105
 10
-28.647818303766506
 20
-18.003743820399798
 10
-28.645302006968354
 20
-18.042419792862066
 10
-28.642640270911293
 20
-18.081190040490462
 10
-28.639831141366713
 20
-18.120055387209128
 10
-28.63687266770937
 20
-18.159016572243118
 10
-28.63376290348154
 20
-18.19807425155421
 10
-28.630499906964463
 20
-18.237228999251755
 10
-28.62708174175578
 20
-18.276481308979434
 10
-28.62350647735225
 20
-18.31583159527846
 10
-28.619772189736796
 20
-18.355280194928024
 10
-28.615876961969196
 20
-18.39482736826362
 10
-28.611818884779435
 20
-18.43447330047394
 10
-28.607596057163192
 20
-18.47421810287696
 10
-28.603206586978704
 20
-18.514061814175893
 10
-28.598648591544272
 20
-18.554004401695618
 10
-28.593920198236066
 20
-18.59404576260024
 10
-28.58901954508533
 20
-18.634185725092323
 10
-28.58394478137464
 20
-18.674424049594474
 10
-28.578694068232785
 20
-18.714760429913717
 10
-28.573265579227492
 20
-18.755194494389414
 10
-28.567657500955896
 20
-18.79572580702508
 10
-28.56186803363207
 20
-18.83635386860476
 10
-28.555895391671307
 20
-18.877078117794433
 10
-28.54973780427089
 20
-18.91789793222895
 10
-28.54339351598672
 20
-18.958812629585022
 10
-28.536860787305752
 20
-18.999821468640658
 10
-28.530137895213763
 20
-19.040923650321638
 10
-28.523223133758165
 20
-19.082118318735343
 10
-28.516114814605682
 20
-19.123404562192437
 10
-28.50881126759449
 20
-19.164781414216836
 10
-28.5013108412806
 20
-19.20624785454429
 10
-28.49361190347847
 20
-19.247802810110077
 10
-28.485712841795237
 20
-19.289445156026094
 10
-28.47761206415866
 20
-19.33117371654774
 10
-28.469307999338508
 20
-19.372987266031004
 10
-28.460799097461162
 20
-19.41488452987994
 10
-28.45208383051728
 20
-19.456864185485102
 10
-28.443160692862406
 20
-19.498924863152965
 10
-28.434028201710206
 20
-19.54106514702686
 10
-28.424684897618548
 20
-19.583283575999648
 10
-28.41512934496786
 20
-19.625578644618347
 10
-28.405360132431856
 20
-19.66794880398107
 10
-28.39537587344064
 20
-19.710392462626505
 10
-28.38517520663572
 20
-19.752907987416148
 10
-28.374756796317225
 20
-19.79549370440958
 10
-28.364119332882908
 20
-19.838147899732995
 10
-28.353261533259026
 20
-19.88086882044117
 10
-28.342182141322954
 20
-19.923654675373143
 10
-28.33087992831747
 20
-19.96650363600177
 10
-28.319353693256552
 20
-20.009413837277283
 10
-28.307602263322806
 20
-20.052383378465166
 10
-28.29562449425623
 20
-20.095410323978463
 10
-28.283419270734388
 20
-20.138492704204584
 10
-28.27098550674397
 20
-20.181628516326946
 10
-28.258322145943517
 20
-20.22481572514142
 10
-28.245428162017486
 20
-20.268052263867922
 10
-28.232302559021427
 20
-20.311336034957066
 10
-28.21894437171828
 20
-20.35466491089214
 10
-28.20535266590581
 20
-20.39803673498654
 10
-28.19152653873511
 20
-20.441449322176688
 10
-28.17746511902009
 20
-20.484900459810557
 10
-28.163167567537954
 20
-20.52838790843205
 10
-28.148633077320735
 20
-20.571909402561015
 10
-28.13386087393768
 20
-20.615462651469354
 10
-28.11885021576859
 20
-20.659045339953032
 10
-28.103600394268096
 20
-20.702655129100176
 10
-28.08811073422074
 20
-20.74628965705537
 10
-28.072380593987045
 20
-20.789946539780065
 10
-28.056409365740283
 20
-20.833623371809328
 10
-28.040196475694252
 20
-20.877317727004925
 10
-28.023741384321756
 20
-20.921027159304753
 10
-28.007043586563984
 20
-20.96474920346867
 10
-27.99010261203069
 20
-21.00848137582086
 10
-27.972918025191163
 20
-21.052221174988645
 10
-27.95548942555606
 20
-21.095966082637858
 10
-27.937816447849997
 20
-21.13971356420476
 10
-27.919898762174984
 20
-21.183461069624578
 10
-27.901736074164678
 20
-21.227206034056614
 10
-27.883328125129413
 20
-21.270945878606014
 10
-27.864674692192075
 20
-21.314678011042172
 10
-27.845775588414835
 20
-21.358399826513764
 10
-27.826630662916656
 20
-21.40210870826047
 10
-27.807239800981655
 20
-21.44580202832135
 10
-27.7876029241584
 20
-21.48947714823987
 10
-27.767719990349892
 20
-21.533131419765596
 10
-27.747590993894654
 20
-21.576762185552564
 10
-27.727215965638468
 20
-21.620366779854262
 10
-27.70659497299724
 20
-21.6639425292153
 10
-27.685728120010545
 20
-21.707486753159614
 10
-27.66461554738634
 20
-21.750996764875403
 10
-27.643257432536487
 20
-21.794469871896517
 10
-27.62165398960325
 20
-21.837903376780567
 10
-27.59980546947686
 20
-21.88129457778341
 10
-27.57771215980398
 20
-21.92464076953031
 10
-27.555374384987317
 20
-21.967939243683507
 10
-27.53279250617619
 20
-22.011187289606244
 10
-27.509966921248257
 20
-22.054382195023294
 10
-27.486898064782242
 20
-22.0975212466778
 10
-27.463586408021914
 20
-22.14060173098459
 10
-27.440032458831087
 20
-22.183620934679684
 10
-27.416236761639933
 20
-22.226576145466225
 10
-27.39219989738236
 20
-22.269464652656595
 10
-27.367922483424746
 20
-22.312283747810717
 10
-27.343405173485884
 20
-22.355030725370618
 10
-27.318648657548195
 20
-22.397702883290982
 10
-27.293653661760324
 20
-22.44029752366596
 10
-27.268420948331077
 20
-22.482811953351828
 10
-27.2429513154147
 20
-22.525243484585726
 10
-27.217245596987645
 20
-22.567589435600397
 10
-27.191304662716785
 20
-22.60984713123464
 10
-27.165129417819074
 20
-22.652013903539768
 10
-27.138720802912754
 20
-22.694087092381768
 10
-27.112079793860186
 20
-22.73606404603919
 10
-27.085207401602183
 20
-22.777942121796755
 10
-27.058104671984047
 20
-22.81971868653456
 10
-27.03077268557331
 20
-22.861391117312856
 10
-27.003212557469052
 20
-22.902956801952335
 10
-26.975425437103173
 20
-22.9444131396099
 10
-26.947412508033274
 20
-22.98575754134981
 10
-26.919174987727523
 20
-23.026987430710175
 10
-26.89071412734128
 20
-23.068100244264723
 10
-26.862031211485757
 20
-23.109093432179844
 10
-26.83312755798851
 20
-23.149964458766732
 10
-26.804004517646085
 20
-23.190710803028654
 10
-26.77466347396854
 20
-23.231329959203357
 10
-26.74510584291627
 20
-23.271819437300284
 10
-26.715333072628773
 20
-23.312176763632884
 10
-26.685346643145724
 20
-23.352399481345696
 10
-26.655148066120255
 20
-23.3924851509363
 10
-26.624738884524465
 20
-23.43243135077193
 10
-26.59412067234733
 20
-23.47223567760087
 10
-26.56329503428491
 20
-23.511895747058386
 10
-26.532263605423033
 20
-23.551409194167267
 10
-26.501028050912417
 20
-23.590773673832842
 10
-26.469590065636297
 20
-23.629986861332494
 10
-26.437951373870693
 20
-23.669046452799392
 10
-26.406113728937143
 20
-23.707950165700773
 10
-26.374078912848294
 20
-23.746695739310262
 10
-26.34184873594602
 20
-23.78528093517449
 10
-26.30942503653243
 20
-23.823703537573863
 10
-26.276809680493674
 20
-23.861961353977296
 10
-26.244004560916537
 20
-23.90005221549107
 10
-26.211011597698036
 20
-23.93797397730156
 10
-26.17783273714799
 20
-23.975724519111893
 10
-26.144469951584508
 20
-24.013301745572413
 10
-26.110925238922665
 20
-24.050703586704905
 10
-26.077200622256253
 20
-24.087927998320552
 10
-26.043298149432687
 20
-24.124972962431514
 10
-26.00921989262118
 20
-24.16183648765612
 10
-25.97496794787417
 20
-24.198516609617595
 10
-25.940544434682113
 20
-24.2350113913362
 10
-25.9059514955216
 20
-24.271318923614864
 10
-25.871191295396976
 20
-24.307437325418146
 10
-25.836266021375422
 20
-24.343364744244486
 10
-25.80117788211556
 20
-24.37909935649166
 10
-25.76592910738968
 20
-24.414639367815568
 10
-25.730521947599602
 20
-24.449983013481983
 10
-25.69495867328623
 20
-24.485128558711484
 10
-25.659241574632844
 20
-24.520074299017363
 10
-25.62337296096225
 20
-24.554818560536575
 10
-25.587355160227684
 20
-24.58935970035348
 10
-25.551190518497698
 20
-24.623696106816613
 10
-25.51488139943497
 20
-24.657826199848117
 10
-25.4784301837691
 20
-24.691748431246033
 10
-25.441839268763495
 20
-24.725461284979282
 10
-25.405111067676316
 20
-24.758963277475303
 10
-25.36824800921558
 20
-24.79225295790028
 10
-25.331252536988504
 20
-24.825328908432024
 10
-25.294127108945034
 20
-24.858189744525248
 10
-25.25687419681568
 20
-24.890834115169444
 10
-25.219496285543723
 20
-24.923260703139086
 10
-25.181995872711767
 20
-24.955468225236288
 10
-25.14437546796272
 20
-24.987455432525742
 10
-25.106637592415282
 20
-25.019221110562015
 10
-25.068784778073915
 20
-25.05076407960904
 10
-25.03081956723337
 20
-25.082083194851876
 10
-24.992744511877817
 20
-25.11317734660058
 10
-24.954562173074617
 20
-25.144045460486275
 10
-24.916275120362783
 20
-25.174686497649276
 10
-24.87788593113611
 20
-25.205099454919278
 10
-24.839397190021117
 20
-25.235283364987573
 10
-24.800811488249703
 20
-25.265237296571268
 10
-24.7621314230267
 20
-25.29496035456941
 10
-24.72335959689224
 20
-25.324451680211112
 10
-24.684498617078958
 20
-25.35371045119544
 10
-24.64555109486422
 20
-25.382735881823326
 10
-24.6065196449172
 20
-25.411527223121148
 10
-24.567406884640935
 20
-25.440083762956224
 10
-24.528215433509448
 20
-25.468404826143992
 10
-24.48894791239973
 20
-25.49648977454704
 10
-24.44960694291898
 20
-25.524338007165763
 10
-24.410195146726675
 20
-25.55194896022074
 10
-24.370715144851868
 20
-25.57932210722685
 10
-24.331169557005513
 20
-25.60645695905899
 10
-24.29156100088785
 20
-25.633353064009412
 10
-24.251892091491012
 20
-25.66001000783679
 10
-24.212165440396603
 20
-25.686427413806722
 10
-24.172383655068565
 20
-25.71260494272401
 10
-24.132549338140976
 20
-25.738542292956375
 10
-24.092665086701178
 20
-25.76423920044983
 10
-24.052733491567853
 20
-25.78969543873556
 10
-24.012757136564343
 20
-25.814910818928382
 10
-23.972738597786993
 20
-25.839885189716735
 10
-23.932680442868623
 20
-25.864618437344244
 10
-23.892585230237124
 20
-25.88911048558277
 10
-23.852455508369044
 20
-25.913361295697054
 10
-23.81229381503825
 20
-25.937370866400883
 10
-23.772102676559633
 20
-25.961139233804793
 10
-23.73188460702776
 20
-25.984666471355336
 10
-23.691642107550514
 20
-26.00795268976594
 10
-23.651377665477632
 20
-26.03099803693928
 10
-23.611093753624147
 20
-26.053802697881277
 10
-23.57079282948863
 20
-26.076366894606707
 10
-23.53047733446627
 20
-26.09869088603643
 10
-23.490149693056637
 20
-26.120774967886227
 10
-23.44981231206615
 20
-26.142619472547324
 10
-23.409467579805153
 20
-26.16422476895867
 10
-23.369117865279538
 20
-26.185591262470865
 10
-23.328765517376823
 20
-26.206719394701842
 10
-23.288412864046666
 20
-26.22760964338441
 10
-23.24806221147564
 20
-26.248262522205614
 10
-23.207715843256302
 20
-26.268678580637914
 10
-23.167376019550293
 20
-26.288858403762383
 10
-23.12704497624557
 20
-26.308802612083802
 10
-23.08672492410751
 20
-26.328511861337844
 10
-23.046418047923847
 20
-26.34798684229038
 10
-23.006126505643266
 20
-26.3672282805288
 10
-22.965852427507624
 20
-26.38623693624573
 10
-22.925597915177562
 20
-26.405013604014997
 10
-22.88536504085146
 20
-26.423559112559897
 10
-22.84515584637751
 20
-26.44187432451404
 10
-22.804972342358788
 20
-26.459960136174637
 10
-22.76481650725122
 20
-26.477817477248564
 10
-22.724690286454173
 20
-26.495447310591103
 10
-22.684595591393567
 20
-26.512850631937475
 10
-22.644534298597286
 20
-26.53002846962748
 10
-22.60450824876276
 20
-26.546981884323195
 10
-22.564519245816385
 20
-26.563711968719833
 10
-22.52456905596479
 20
-26.58021984725
 10
-22.48465940673746
 20
-26.596506675781512
 10
-22.444791986020725
 20
-26.612573641308792
 10
-22.404968441082787
 20
-26.628421961638168
 10
-22.36519037758948
 20
-26.64405288506711
 10
-22.325459358610654
 20
-26.659467690057635
 10
-22.285776903616735
 20
-26.67466768490419
 10
-22.24614448746541
 20
-26.689654207395996
 10
-22.206563539377903
 20
-26.704428624474254
 10
-22.167035441904797
 20
-26.718992331884312
 10
-22.127561529880882
 20
-26.733346753823177
 10
-22.0881430893689
 20
-26.74749334258252
 10
-22.048781356591697
 20
-26.76143357818735
 10
-22.009477516852584
 20
-26.775168968030968
 10
-21.97023270344343
 20
-26.78870104650614
 10
-21.931047996540315
 20
-26.802031374632968
 10
-21.891924422086188
 20
-26.81516153968385
 10
-21.85286295066019
 20
-26.828093154805753
 10
-21.813864496333395
 20
-26.84082785864031
 10
-21.774929915510388
 20
-26.853367314941924
 10
-21.736060005756364
 20
-26.86571321219455
 10
-21.69725550460933
 20
-26.877867263227458
 10
-21.658517088376936
 20
-26.889831204830365
 10
-21.619845370917492
 20
-26.90160679736858
 10
-21.581240902404843
 20
-26.913195824398603
 10
-21.542704168076394
 20
-26.924600092284695
 10
-21.50423558696407
 20
-26.935821429817068
 10
-21.465835510607594
 20
-26.946861687832154
 10
-21.42750422174956
 20
-26.95772273883579
 10
-21.38924193301199
 20
-26.968406476629873
 10
-21.35104878555361
 20
-26.978914815943085
 10
-21.31292484770753
 20
-26.989249692066743
 10
-21.274870113598816
 20
-26.999413060496238
 10
-21.236884501741216
 20
-27.00940689657908
 10
-21.19896785361285
 20
-27.019233195170443
 10
-21.16111993220997
 20
-27.028893970296892
 10
-21.123340420578586
 20
-27.038391254829634
 10
-21.085628920323245
 20
-27.047727100168064
 10
-21.04798495009244
 20
-27.056903575934683
 10
-21.010407944040217
 20
-27.06592276968271
 10
-20.972897250263426
 20
-27.074786786617423
 10
-20.935452129214006
 20
-27.08349774933257
 10
-20.89807175208603
 20
-27.092057797563218
 10
-20.860755199176783
 20
-27.10046908795629
 10
-20.823501458221568
 20
-27.108733793860512
 10
-20.786309422701745
 20
-27.11685410513718
 10
-20.749177890125566
 20
-27.124832227993352
 10
-20.712105560281394
 20
-27.132670384839372
 10
-20.675091033463087
 20
-27.140370814172382
 10
-20.638132808666953
 20
-27.14793577048784
 10
-20.601229281760286
 20
-27.155367524221063
 10
-20.56437874362106
 20
-27.16266836172082
 10
-20.527579378248628
 20
-27.169840585257404
 10
-20.490829260845477
 20
-27.1768865130674
 10
-20.454126355869676
 20
-27.183808479437573
 10
-20.417468515058406
 20
-27.190608834830694
 10
-20.380853475422445
 20
-27.19728994605586
 10
-20.344278857211908
 20
-27.20385419648623
 10
-20.30774216185359
 20
-27.21030398632728
 10
-20.271240769860317
 20
-27.216641732938555
 10
-20.234771938712942
 20
-27.222869871212506
 10
-20.198332800715622
 20
-27.22899085401374
 10
-20.161920360825327
 20
-27.23500715268232
 10
-20.12553149445662
 20
-27.24092125760511
 10
-20.08916294526301
 20
-27.246735678858997
 10
-20.052811322896225
 20
-27.252452946930408
 10
-20.016473100745245
 20
-27.258075613515416
 10
-19.980144613656954
 20
-27.263606252404895
 10
-19.9438220556407
 20
-27.269047460459905
 10
-19.90750147755925
 20
-27.274401858682072
 10
-19.871178784809036
 20
-27.27967209338418
 10
-19.834849734992908
 20
-27.284860837466667
 10
-19.798509935589035
 20
-27.28997079180555
 10
-19.762154841619886
 20
-27.295004686757764
 10
-19.72577975332598
 20
-27.299965283790144
 10
-19.68937981384919
 20
-27.30485537723828
 10
-19.652950006931288
 20
-27.309677796202116
 10
-19.616485154633796
 20
-27.314435406585087
 10
-19.579979915085886
 20
-27.3191311132837
 10
-19.54342878026775
 20
-27.32376786253532
 10
-19.506826073837654
 20
-27.32834864443135
 10
-19.470165949011633
 20
-27.3328764956038
 10
-19.43344238650548
 20
-27.3373545020932
 10
-19.396649192549994
 20
-27.341785802405983
 10
-19.35977999699099
 20
-27.34617359076981
 10
-19.32282825148692
 20
-27.350521120595296
 10
-19.28578722781791
 20
-27.35483170815278
 10
-19.248650016321385
 20
-27.359108736472905
 10
-19.211409524470593
 20
-27.363355659479886
 10
-19.174058475613773
 20
-27.36757600636625
 10
-19.136589407893155
 20
-27.37177338621792
 10
-19.09899467336463
 20
-27.375951492898285
 10
-19.06126643734039
 20
-27.380114110200072
 10
-19.023396677978795
 20
-27.38426511727333
 10
-18.985377186147375
 20
-27.388408494337497
 10
-18.94719956558705
 20
-27.392548328685557
 10
-18.908855233407472
 20
-27.39668882098742
 10
-18.870335420945775
 20
-27.40083429189907
 10
-18.83163117502313
 20
-27.40498918898373
 10
-18.792733359635882
 20
-27.409158093949706
 10
-18.75363265812073
 20
-27.41334573020929
 10
-18.714319575835653
 20
-27.41755697076137
 10
-18.674784443401148
 20
-27.42179684639927
 10
-18.635017420549126
 20
-27.426070554243587
 10
-18.59500850062942
 20
-27.430383466598027
 10
-18.55474751582698
 20
-27.434741140124082
 10
-18.514224143145515
 20
-27.439149325328167
 10
-18.473427911216486
 20
-27.44361397635182
 10
-18.432348207995073
 20
-27.448141261052882
 10
-18.39097428940798
 20
-27.452737571362242
 10
-18.349295289020244
 20
-27.45740953389647
 10
-18.307300228791885
 20
-27.4621640208033
 10
-18.2649780309967
 20
-27.467008160811712
 10
-18.222317531378927
 20
-27.471949350453645
 10
-18.179307493625178
 20
-27.476995265418893
 10
-18.135936625231214
 20
-27.482153871998598
 10
-18.09219359484429
 20
-27.48743343856627
 10
-18.04806705116333
 20
-27.492842547038457
 10
-18.003545643479402
 20
-27.49839010424944
 10
-17.95861804393893
 20
-27.504085353165962
 10
-17.91327297161134
 20
-27.509937883860005
 10
-17.867499218441118
 20
-27.515957644147793
 10
-17.82128567716151
 20
-27.522154949793894
 10
-17.77462137124353
 20
-27.528540494169004
 10
-17.727495486948815
 20
-27.535125357239412
 10
-17.679897407548577
 20
-27.54192101375514
 10
-17.631816749763107
 20
-27.548939340492772
 10
-17.58324340246644
 20
-27.556192622396964
 10
-17.534167567689785
 20
-27.563693557453888
 10
-17.48457980394367
 20
-27.571455260117762
 10
-17.434471071863328
 20
-27.57949126310073
 10
-17.383832782164006
 20
-27.587815517325655
 10
-17.33265684587276
 20
-27.59644238983101
 10
-17.28093572678051
 20
-27.605386659408246
 10
-17.228662496032918
 20
-27.61466350974363
 10
-17.17583088875032
 20
-27.62428851983043
 10
-17.122435362536873
 20
-27.63427765141252
 10
-17.06847115770516
 20
-27.64464723321819
 10
-17.013934359006967
 20
-27.655413941743117
 10
-16.958821958622398
 20
-27.666594778345015
 10
-16.903131920119083
 20
-27.678207042418784
 10
-16.846863243050617
 20
-27.690268300432393
 10
-16.790016027819412
 20
-27.702796350618
 10
-16.732591540383744
 20
-27.715809183133224
 10
-16.67459227634352
 20
-27.72932493553229
 10
-16.616022023893297
 20
-27.74336184341701
 10
-16.556885925086892
 20
-27.75793818617438
 10
-16.49719053481493
 20
-27.773072227749296
 10
-16.43694387685667
 20
-27.78878215244988
 10
-16.376155496331627
 20
-27.805085995836915
 10
-16.314836507845314
 20
-27.822001570810116
 10
-16.252999638598343
 20
-27.839546389069575
 10
-16.190659265711552
 20
-27.857737578202673
 10
-16.12783144701053
 20
-27.876591794722568
 10
-16.06453394451495
 20
-27.8961251334642
 10
-16.00078623989073
 20
-27.916353033826393
 10
-15.936609541147654
 20
-27.93729018343176
 10
-15.872026779903873
 20
-27.958950419860685
 10
-15.807062598590452
 20
-27.98134663119669
 10
-15.741743327035362
 20
-28.004490656199117
 10
-15.676096947948224
 20
-28.028393184991607
 10
-15.610153050921898
 20
-28.05306366121981
 10
-15.543942774676992
 20
-28.07851018668682
 10
-15.477498737397788
 20
-28.104739429518403
 10
-15.410854955142064
 20
-28.131756536939278
 10
-15.344046748452055
 20
-28.15956505375584
 10
-15.277110637445144
 20
-28.188166847636904
 10
-15.210084225820115
 20
-28.21756204226234
 10
-15.143006074374732
 20
-28.247748959367687
 10
-15.075915564788453
 20
-28.27872407065122
 10
-15.008852754578925
 20
-28.31048196042888
 10
-14.941858224287472
 20
-28.343015299820948
 10
-14.874972918084186
 20
-28.37631483313552
 10
-14.808237979104707
 20
-28.410369376977773
 10
-14.741694580933512
 20
-28.445165832463438
 10
-14.675383756731229
 20
-28.48068921075281
 10
-14.609346227563645
 20
-28.516922671950592
 10
-14.543622231524257
 20
-28.553847577240376
 10
-14.478251355251235
 20
-28.591443553945158
 10
-14.413272369421428
 20
-28.629688573029245
 10
-14.34872306975911
 20
-28.668559038387965
 10
-14.284640125026762
 20
-28.708029887111405
 10
-14.221058933369804
 20
-28.748074699762842
 10
-14.158013488269518
 20
-28.788665819582327
 10
-14.09553625522198
 20
-28.8297744794158
 10
-14.033658060106433
 20
-28.87137093508088
 10
-13.972407990040445
 20
-28.913424603814896
 10
-13.91181330734342
 20
-28.95590420640842
 10
-13.85189937704878
 20
-28.998777911610198
 10
-13.79268960822317
 20
-29.042013481395585
 10
-13.734205409171073
 20
-29.085578415720214
 10
-13.676466156429079
 20
-29.129440095431463
 10
-13.619489177290124
 20
-29.173565922080684
 10
-13.563289745445106
 20
-29.21792345346758
 10
-13.507881089191688
 20
-29.26248053384972
 10
-13.453274411538464
 20
-29.30720541786494
 10
-13.399478921428841
 20
-29.352066887336825
 10
-13.34650187522394
 20
-29.397034360262147
 10
-13.294348627517238
 20
-29.44207799141055
 10
-13.24302269030591
 20
-29.487168764098435
 10
-13.19252579951457
 20
-29.532278572827796
 10
-13.142857987854338
 20
-29.577380296605607
 10
-13.0940176630038
 20
-29.62244786287679
 10
-13.046001690116416
 20
-29.667456302113692
 10
-12.998805477689197
 20
-29.712381793205
 10
-12.952423065869578
 20
-29.75720169987657
 10
-12.906847216327662
 20
-29.801894598455476
 10
-12.862069502879285
 20
-29.846440297355855
 10
-12.81808040210878
 20
-29.89081984872103
 10
-12.774869383307887
 20
-29.93501555270114
 10
-12.732424997116667
 20
-29.979010954879882
 10
-12.690734962323127
 20
-30.022790837387504
 10
-12.649786250348205
 20
-30.066341204252545
 10
-12.609565167011606
 20
-30.109649261549862
 10
-12.570057431240059
 20
-30.152703392901778
 10
-12.531248250443008
 20
-30.195493130880415
 10
-12.49312239233971
 20
-30.23800912484509
 10
-12.455664253077309
 20
-30.28024310572976
 10
-12.418857921529893
 20
-30.32218784827244
 10
-12.382687239714734
 20
-30.363837131152202
 10
-12.3471358593031
 20
-30.405185695471115
 10
-12.312187294239854
 20
-30.446229201987784
 10
-12.277824969517772
 20
-30.486964187478232
 10
-12.244032266180461
 20
-30.527388020568335
 10
-12.210792562650793
 20
-30.56749885734972
 10
-12.178089272501495
 20
-30.607295597060492
 10
-12.145905878800084
 20
-30.64677783808154
 10
-12.114225965172885
 20
-30.68594583446966
 10
-12.083033243742177
 20
-30.72480045322128
 10
-12.052311580097056
 20
-30.76334313243359
 10
-12.022045015462789
 20
-30.801575840505343
 10
-11.992217786235527
 20
-30.839501036496607
 10
-11.962814341049254
 20
-30.87712163174492
 10
-11.933819355540432
 20
-30.914440952816147
 10
-11.90521774497306
 20
-30.951462705850084
 10
-11.876994674882813
 20
-30.988190942345046
 10
-11.84913556989417
 20
-31.024630026410826
 10
-11.821626120858731
 20
-31.06078460350657
 10
-11.794452290456809
 20
-31.096659570668617
 10
-11.76760031739791
 20
-31.13226004822367
 10
-11.741056719348762
 20
-31.167591352972988
 10
-11.714808294710338
 20
-31.202658972826992
 10
-11.688842123358636
 20
-31.237468542862292
 10
-11.663145566456555
 20
-31.272025822768317
 10
-11.637706265437142
 20
-31.306336675646
 10
-11.612512140252072
 20
-31.340407048117704
 10
-11.587551386971858
 20
-31.37424295170435
 10
-11.562812474818301
 20
-31.40785044542394
 10
-11.538284142703441
 20
-31.441235619563955
 10
-11.513955395342983
 20
-31.474404580578973
 10
-11.48981549900687
 20
-31.507363437064726
 10
-11.465853976964159
 20
-31.54011828675909
 10
-11.442060604674172
 20
-31.57267520452131
 10
-11.41842540477149
 20
-31.605040231240906
 10
-11.39493864188738
 20
-31.637219363628564
 10
-11.371590817346496
 20
-31.669218544842284
 10
-11.348372663773706
 20
-31.701043655903383
 10
-11.325275139642065
 20
-31.732700507857945
 10
-11.302289423789919
 20
-31.764194834640918
 10
-11.279406909931897
 20
-31.795532286601556
 10
-11.256619201185575
 20
-31.826718424650313
 10
-11.233918104633354
 20
-31.857758714989053
 10
-11.211295625936177
 20
-31.888658524387974
 10
-11.188743964013973
 20
-31.919423115974162
 10
-11.166255505805562
 20
-31.950057645498653
 10
-11.143822821118771
 20
-31.98056715805006
 10
-11.121438657580118
 20
-32.01095658518469
 10
-11.099095935691759
 20
-32.041230742444576
 10
-11.076787744002083
 20
-32.07139432723633
 10
-11.054507334395227
 20
-32.101451917045225
 10
-11.03224811750344
 20
-32.13140796796023
 10
-11.010003658245433
 20
-32.161266813487345
 10
-10.987767671493128
 20
-32.191032663629635
 10
-10.965534017867935
 20
-32.22070960421383
 10
-10.943296699667599
 20
-32.25030159644451
 10
-10.921049856923592
 20
-32.279812476668
 10
-10.898787763588679
 20
-32.30924595632927
 10
-10.876504823853924
 20
-32.33860562210641
 10
-10.854195568593692
 20
-32.3678949362076
 10
-10.831854651937054
 20
-32.39711723681741
 10
-10.809476847963856
 20
-32.4262757386792
 10
-10.787057047522955
 20
-32.455373533802025
 10
-10.764590255170427
 20
-32.48441359228072
 10
-10.74207158622513
 20
-32.51339876321891
 10
-10.719496263938739
 20
-32.542331775745275
 10
-10.696859616777637
 20
-32.57121524011418
 10
-10.674157075813433
 20
-32.60005164888222
 10
-10.651384172219235
 20
-32.62884337815312
 10
-10.628536534868616
 20
-32.65759268888367
 10
-10.60560988803406
 20
-32.68630172824421
 10
-10.582600049181819
 20
-32.71497253102742
 10
-10.55950292686004
 20
-32.74360702109982
 10
-10.536314518677017
 20
-32.77220701289056
 10
-10.513030909366583
 20
-32.800774212913026
 10
-10.489648268937373
 20
-32.82931022131435
 10
-10.46616285090307
 20
-32.85781653344904
 10
-10.442570990590685
 20
-32.88629454147282
 10
-10.418869103523775
 20
-32.91474553595326
 10
-10.395053683877897
 20
-32.94317070749385
 10
-10.37112130300534
 20
-32.97157114836894
 10
-10.347068608026476
 20
-32.99994785416637
 10
-10.322892320485039
 20
-33.02830172543589
 10
-10.298589235064656
 20
-33.05663356934068
 10
-10.27415621836407
 20
-33.084944101310185
 10
-10.249590207728744
 20
-33.11323394669237
 10
-10.224888210136193
 20
-33.141503642403656
 10
-10.200047301132887
 20
-33.1697536385751
 10
-10.17506462382042
 20
-33.1979843001933
 10
-10.14993738788868
 20
-33.22619590873496
 10
-10.124662868694054
 20
-33.25438866379387
 10
-10.099238406380442
 20
-33.28256268469934
 10
-10.073661405041157
 20
-33.310718012125164
 10
-10.047929331919935
 20
-33.33885460968844
 10
-10.02203971664896
 20
-33.366972365537215
 10
-9.995990150522307
 20
-33.39507109392682
 10
-9.969778285803011
 20
-33.42315053678387
 10
-9.943401835062101
 20
-33.451210365257715
 10
-9.916858570548065
 20
-33.479250181258905
 10
-9.890146323585112
 20
-33.50726951898424
 10
-9.863262983998789
 20
-33.53526784642806
 10
-9.836206499567613
 20
-33.56324456687976
 10
-9.808974875499207
 20
-33.591199020407
 10
-9.781566173929692
 20
-33.61913048532469
 10
-9.753978513445121
 20
-33.64703817964951
 10
-9.726210068623594
 20
-33.674921262539826
 10
-9.698259069597077
 20
-33.702778835721105
 10
-9.670123801631629
 20
-33.730609944896635
 10
-9.641802604724997
 20
-33.758413581143536
 10
-9.613293873220705
 20
-33.7861886822942
 10
-9.584596055437368
 20
-33.81393413430308
 10
-9.5557076533125
 20
-33.8416487725989
 10
-9.526627222059801
 20
-33.86933138342237
 10
-9.497353369839052
 20
-33.89698070514941
 10
-9.467884757437846
 20
-33.92459542960014
 10
-9.43822009796422
 20
-33.95217420333361
 10
-9.408358156549513
 20
-33.97971562892827
 10
-9.378297750060721
 20
-34.00721826624861
 10
-9.348037746821536
 20
-34.03468063369779
 10
-9.317577066341496
 20
-34.062101209456614
 10
-9.286914679052536
 20
-34.089478432708816
 10
-9.256049606052292
 20
-34.11681070485288
 10
-9.224980918853669
 20
-34.14409639070063
 10
-9.193707739139974
 20
-34.17133381966256
 10
-9.16222923852511
 20
-34.19852128692004
 10
-9.13054463831837
 20
-34.22565705458491
 10
-9.098653209293204
 20
-34.25273935284604
 10
-9.066554271459616
 20
-34.27976638110362
 10
-9.034247193839603
 20
-34.306736309090674
 10
-9.001731394245294
 20
-34.33364727798264
 10
-8.96900633905934
 20
-34.36049740149459
 10
-8.936071543017137
 20
-34.38728476696658
 10
-8.902926568990443
 20
-34.4140074364371
 10
-8.869571027772245
 20
-34.44066344770492
 10
-8.836004577862196
 20
-34.46725081537924
 10
-8.80222692525259
 20
-34.49376753191859
 10
-8.768237823214351
 20
-34.520211568658375
 10
-8.73403707208283
 20
-34.54658087682718
 10
-8.699624519043152
 20
-34.572873388552296
 10
-8.665000057914703
 20
-34.5990870178541
 10
-8.630163628934625
 20
-34.62521966162984
 10
-8.595115218540013
 20
-34.65126920062669
 10
-8.559854859148583
 20
-34.677233500404334
 10
-8.524382628937568
 20
-34.703110412287074
 10
-8.488698651620666
 20
-34.728897774305665
 10
-8.45280309622278
 20
-34.754593412128926
 10
-8.41669617685246
 20
-34.78019513998531
 10
-8.380378152471604
 20
-34.8057007615744
 10
-8.343849326662735
 20
-34.83110807096854
 10
-8.307110047393076
 20
-34.8564148535046
 10
-8.270160706775751
 20
-34.88161888666616
 10
-8.233001740827726
 20
-34.90671794095585
 10
-8.195633629224414
 20
-34.93170978075831
 10
-8.15805689505081
 20
-34.9565921651936
 10
-8.120272104549006
 20
-34.981362848961105
 10
-8.082279866862054
 20
-35.00601958317433
 10
-8.04408083377391
 20
-35.03056011618624
 10
-8.005675699445533
 20
-35.05498219440547
 10
-7.967065200146905
 20
-35.07928356310337
 10
-7.9282501139849675
 20
-35.10346196721204
 10
-7.889231260627328
 20
-35.12751515211325
 10
-7.850009501021727
 20
-35.15144086441841
 10
-7.810585737111106
 20
-35.17523685273968
 10
-7.770960911544311
 20
-35.198900868452114
 10
-7.731136007382283
 20
-35.22243066644709
 10
-7.6911120477996935
 20
-35.24582400587677
 10
-7.650890095782081
 20
-35.26907865088999
 10
-7.6104712538182255
 20
-35.29219237135936
 10
-7.569856663587959
 20
-35.315162943599674
 10
-7.529047505645204
 20
-35.33798815107766
 10
-7.488044999096267
 20
-35.360665785113156
 10
-7.446850401273398
 20
-35.38319364557164
 10
-7.405465007403478
 20
-35.405569541548275
 10
-7.363890150271953
 20
-35.42779129204324
 10
-7.322127199881889
 20
-35.44985672662877
 10
-7.280177563108184
 20
-35.47176368610742
 10
-7.238042683346903
 20
-35.49351002316213
 10
-7.19572404015978
 20
-35.515093602997474
 10
-7.153223148913783
 20
-35.53651230397278
 10
-7.110541560415864
 20
-35.55776401822654
 10
-7.067680860542808
 20
-35.578846652292526
 10
-7.0246426698662
 20
-35.59975812770733
 10
-6.981428643272579
 20
-35.62049638160968
 10
-6.9380404695787
 20
-35.641059367331074
 10
-6.894479871141982
 20
-35.66144505497817
 10
-6.850748603466142
 20
-35.681651432006696
 10
-6.806848454802035
 20
-35.701676503786906
 10
-6.7627812457436995
 20
-35.72151829416067
 10
-6.71854882881968
 20
-35.74117484599008
 10
-6.674153088079597
 20
-35.760644221697646
 10
-6.629595938676038
 20
-35.779924503798085
 10
-6.584879326441792
 20
-35.7990137954216
 10
-6.540005227462416
 20
-35.8179102208288
 10
-6.4949756476442495
 20
-35.836611925917076
 10
-6.4497926222778315
 20
-35.85511707871859
 10
-6.404458215596826
 20
-35.87342386988973
 10
-6.358974520332438
 20
-35.89153051319211
 10
-6.313343657263411
 20
-35.90943524596509
 10
-6.267567774761639
 20
-35.92713632958978
 10
-6.2216490483333935
 20
-35.944632049944474
 10
-6.175589680156289
 20
-35.96192071785164
 10
-6.129391898611978
 20
-35.979000669516346
 10
-6.083057957814651
 20
-35.99587026695602
 10
-6.0365901371353825
 20
-36.01252789842183
 10
-5.989990740722386
 20
-36.0289719788113
 10
-5.943262097017234
 20
-36.045200950072434
 10
-5.896406558267073
 20
-36.061213281599166
 10
-5.849426500032951
 20
-36.07700747061819
 10
-5.802324320694231
 20
-36.09258204256715
 10
-5.75510244094923
 20
-36.10793555146417
 10
-5.7077633033121025
 20
-36.123066580268635
 10
-5.6603093716060275
 20
-36.13797374123338
 10
-5.6127431304527935
 20
-36.15265567624809
 10
-5.565067084758819
 20
-36.16711105717391
 10
-5.517283759197659
 20
-36.18133858616946
 10
-5.469395697689136
 20
-36.19533699600792
 10
-5.421405462875058
 20
-36.2091050503854
 10
-5.373315635591682
 20
-36.22264154422056
 10
-5.325128814338948
 20
-36.2359453039452
 10
-5.276847614746541
 20
-36.249015187786306
 10
-5.228474669036903
 20
-36.261850086038955
 10
-5.180012625485217
 20
-36.274448921330524
 10
-5.131464147876445
 20
-36.28681064887594
 10
-5.082831914959512
 20
-36.298934256723996
 10
-5.0341186198987
 20
-36.31081876599477
 10
-4.985326969722299
 20
-36.322463231108074
 10
-4.93645968476865
 20
-36.333866740003
 10
-4.887519498129571
 20
-36.34502841434835
 10
-4.838509155091327
 20
-36.35594740974422
 10
-4.789431412573159
 20
-36.36662291591445
 10
-4.7402890385634695
 20
-36.37705415689012
 10
-4.691084811553743
 20
-36.38724039118396
 10
-4.641821519970285
 20
-36.39718091195569
 10
-4.592501961603817
 20
-36.4068750471683
 10
-4.543128943037079
 20
-36.416322159735216
 10
-4.493705279070425
 20
-36.42552164765838
 10
-4.444233792145566
 20
-36.43447294415717
 10
-4.394717311767509
 20
-36.44317551778821
 10
-4.3451586739247485
 20
-36.45162887255603
 10
-4.295560720507834
 20
-36.45983254801447
 10
-4.245926298726351
 20
-36.467786119359054
 10
-4.196258260524416
 20
-36.47548919751005
 10
-4.146559461994766
 20
-36.482941429186326
 10
-4.096832762791497
 20
-36.49014249697006
 10
-4.047081025541546
 20
-36.49709211936214
 10
-3.997307115255027
 20
-36.50379005082833
 10
-3.9475138987344085
 20
-36.51023608183625
 10
-3.897704243982714
 20
-36.51643003888295
 10
-3.847881019610764
 20
-36.52237178451335
 10
-3.798047094243529
 20
-36.528061217329274
 10
-3.7482053359257304
 20
-36.53349827198925
 10
-3.6983586115266833
 20
-36.53868291919897
 10
-3.648509786144519
 20
-36.5436151656924
 10
-3.598661722509865
 20
-36.54829505420366
 10
-3.5488172803889917
 20
-36.552722663429435
 10
-3.4989793159865847
 20
-36.556898107982086
 10
-3.449150681348165
 20
-36.56082153833347
 10
-3.3993342237622377
 20
-36.5644931407493
 10
-3.349532785162272
 20
-36.56791313721415
 10
-3.2997492015285284
 20
-36.57108178534712
 10
-3.249986302289871
 20
-36.57399937830807
 10
-3.200246909725597
 20
-36.57666624469455
 10
-3.150533838367342
 20
-36.5790827484291
 10
-3.100849894401179
 20
-36.58124928863743
 10
-3.051197875069934
 20
-36.583166299516975
 10
-3.001580568075811
 20
-36.58483425019616
 10
-2.9520007509833857
 20
-36.58625364458409
 10
-2.9024611906230264
 20
-36.58742502121102
 10
-2.852964642494827
 20
-36.58834895305914
 10
-2.8035138501731067
 20
-36.589026047384124
 10
-2.7541115447115185
 20
-36.589456945527104
 10
-2.70476044404887
 20
-36.589642322717246
 10
-2.655463252415675
 20
-36.5895828878649
 10
-2.6062226597415306
 20
-36.58927938334518
 10
-2.557041341063356
 20
-36.58873258477215
 10
-2.5079219559345756
 20
-36.58794330076359
 10
-2.458867147835126
 20
-36.58691237269617
 10
-2.4098795435828366
 20
-36.585640674451234
 10
-2.3609617527455464
 20
-36.58412911215104
 10
-2.3121163670545206
 20
-36.58237862388558
 10
-2.2633459598190315
 20
-36.580390179429855
 10
-2.2146530853421575
 20
-36.57816477995163
 10
-2.166040278337859
 20
-36.575703457709785
 10
-2.1175100533493847
 20
-36.573007275743066
 10
-2.0690649041690143
 20
-36.5700773275494
 10
-2.0207073032592193
 20
-36.56691473675558
 10
-1.972439701175262
 20
-36.56352065677759
 10
-1.9242645259892437
 20
-36.55989627047131
 10
-1.8761841827156789
 20
-36.55604278977366
 10
-1.8282010527385943
 20
-36.55196145533434
 10
-1.7803174932401888
 20
-36.54765353613785
 10
-1.7325358366310875
 20
-36.54312032911613
 10
-1.6848583899821947
 20
-36.53836315875157
 10
-1.6372874344581865
 20
-36.53338337667044
 10
-1.589825224752655
 20
-36.52818236122685
 10
-1.5424739885249044
 20
-36.52276151707696
 10
-1.4952359258384202
 20
-36.517122274743876
 10
-1.448113208601037
 20
-36.51126609017265
 10
-1.4011079800067763
 20
-36.50519444427595
 10
-1.3542223539793894
 20
-36.49890884246998
 10
-1.307458414617571
 20
-36.49241081420078
 10
-1.260818215641876
 20
-36.48570191246098
 10
-1.2143037798432967
 20
-36.478783713296885
 10
-1.1679170985335143
 20
-36.47165781530582
 10
-1.1216601309967844
 20
-36.46432583912402
 10
-1.0755348039434658
 20
-36.45678942690463
 10
-1.0295430109651358
 20
-36.44905024178616
 10
-0.983686611991291
 20
-36.44110996735119
 10
-0.9379674327475831
 20
-36.432970307075394
 10
-0.8923872642155599
 20
-36.42463298376675
 10
-0.8469478620938693
 20
-36.416099738995165
 10
-0.8016509462608736
 20
-36.40737233251216
 10
-0.7564982002386285
 20
-36.39845254166087
 10
-0.7114912706581658
 20
-36.3893421607763
 10
-0.6666317667260167
 20
-36.38004300057564
 10
-0.6219212596919048
 20
-36.37055688753883
 10
-0.5773612823175474
 20
-36.360885663279255
 10
-0.532953328346462
 20
-36.351031183904546
 10
-0.48869885197471374
 20
-36.3409953193675
 10
-0.4445992673224972
 20
-36.330779952807056
 10
-0.40065594790645953
 20
-36.320386979879366
 10
-0.35687022611265506
 20
-36.30981830807882
 10
-0.3132433926700191
 20
-36.299075856049186
 10
-0.2697766961242376
 20
-36.288161552884645
 10
-0.22647134231189447
 20
-36.27707733742076
 10
-0.1833284938347477
 20
-36.26582515751544
 10
-0.14034926953398807
 20
-36.254406969319845
 10
-0.09753474396434836
 20
-36.24282473653896
 10
-0.05488594686788062
 20
-36.23108042968221
 10
-0.012403862647231811
 20
-36.2191760253038
 10
0.029910570161737704
 20
-36.207113505232854
 10
0.07205645941823025
 20
-36.19489485579333
 10
0.11403295990581008
 20
-36.18252206701353
 10
0.155839273863007
 20
-36.16999713182552
 10
0.19747465151541355
 20
-36.15732204525404
 10
0.2389383916094785
 20
-36.14449880359509
 10
0.28022984194829825
 20
-36.13152940358417
 10
0.3213483999296163
 20
-36.118415841554004
 10
0.3622935130863063
 20
-36.105160112581906
 10
0.4030646796296429
 20
-36.09176420962663
 10
0.44366144899559967
 20
-36.07823012265469
 10
0.48408342239453894
 20
-36.064559837756136
 10
0.5243302533645902
 20
-36.05075533624997
 10
0.5644016483290126
 20
-36.036818593778605
 10
0.6042973671579628
 20
-36.02275157939217
 10
0.6440172237349802
 20
-36.00855625462192
 10
0.683561086528577
 20
-35.99423457254311
 10
0.7229288791693624
 20
-35.979788476827295
 10
0.7621205810330538
 20
-35.96521990078396
 10
0.801136227829865
 20
-35.95053076639145
 10
0.8399759122007147
 20
-35.93572298331749
 10
0.8786397843206564
 20
-35.920798447928775
 10
0.9171280525101169
 20
-35.905759042290285
 10
0.9554409838543778
 20
-35.890606633153816
 10
0.9935789048318497
 20
-35.87534307093604
 10
1.0315422019517178
 20
-35.859970188686106
 10
1.069331322401449
 20
-35.84448980104269
 10
1.1069467747048582
 20
-35.82890370318073
 10
1.1443891293912964
 20
-35.81321366974788
 10
1.181659019676559
 20
-35.797421453790584
 10
1.2187571421562808
 20
-35.781528785670176
 10
1.255684257512425
 20
-35.76553737196882
 10
1.292441191233615
 20
-35.74944889438563
 10
1.3290288343500736
 20
-35.73326500862304
 10
1.365448144183869
 20
-35.71698734326352
 10
1.401700145115358
 20
-35.70061749863692
 10
1.4377859293666149
 20
-35.68415704567872
 10
1.4737066578026548
 20
-35.66760752477907
 10
1.5094635607514382
 20
-35.65097044462342
 10
1.5450579388434993
 20
-35.634247281024514
 10
1.5804911638721757
 20
-35.61743947574641
 10
1.6157646796754486
 20
-35.600548435320725
 10
1.6508800030403261
 20
-35.58357552985546
 10
1.6858387246309328
 20
-35.566522091837
 10
1.7206425099413316
 20
-35.54938941492567
 10
1.7552931002741436
 20
-35.53217875274522
 10
1.7897923137462404
 20
-35.51489131766706
 10
1.8241420463225935
 20
-35.49752827958973
 10
1.8583442728795498
 20
-35.48009076471427
 10
1.892401048298816
 20
-35.4625798543163
 10
1.9263145085933502
 20
-35.44499658351552
 10
1.9600868720666216
 20
-35.42734194004353
 10
1.9937204405065403
 20
-35.40961686301119
 10
2.027217600415399
 20
-35.391822241675946
 10
2.0605808242773906
 20
-35.37395891421095
 10
2.0938126718650736
 20
-35.35602766647672
 10
2.1269157915863097
 20
-35.33802923079674
 10
2.159892921873257
 20
-35.31996428473879
 10
2.192746892614862
 20
-35.30183344990283
 10
2.225480626634584
 20
-35.283637290717934
 10
2.258097141214904
 20
-35.265376313249526
 10
2.29059954967019
 20
-35.24705096401897
 10
2.322991062969714
 20
-35.22866162883783
 10
2.355274991412394
 20
-35.21020863165883
 10
2.387454746354982
 20
-35.19169223344609
 10
2.419533841995427
 20
-35.173112631067205
 10
2.451515897213014
 20
-35.15446995621002
 10
2.4834046374670984
 20
-35.13576427432712
 10
2.51520389675606
 20
-35.11699558361149
 10
2.5469176196380885
 20
-35.098163814006355
 10
2.5785498633155566
 20
-35.07926882625371
 10
2.610104799784496
 20
-35.06031041098488
 10
2.6415867180507426
 20
-35.041288287857924
 10
2.6730000264143707
 20
-35.02220210474623
 10
2.704349254823546
 20
-35.003051436983476
 10
2.7356390572994735
 20
-34.98383578667019
 10
2.766874214433481
 20
-34.96455458204753
 10
2.798059635957406
 20
-34.94520717694458
 10
2.829200363388174
 20
-34.92579285030534
 10
2.8603015727475074
 20
-34.90631080580275
 10
2.891368577357262
 20
-34.88676017154677
 10
2.9224068307108233
 20
-34.867139999894604
 10
2.95342192942077
 20
-34.847449267371566
 10
2.9844196162425227
 20
-34.827686874711226
 10
3.015405783173709
 20
-34.80785164702469
 10
3.0463864746283718
 20
-34.787942334109
 10
3.077367890684735
 20
-34.76795761090533
 10
3.108356390405063
 20
-34.74789607811859
 10
3.139358495225338
 20
-34.727756263010406
 10
3.170380892412139
 20
-34.70753662037825
 10
3.201430438583428
 20
-34.687235533734615
 10
3.232514163289203
 20
-34.66685131670018
 10
3.263639272647431
 20
-34.64638221462647
 10
3.2948131530296445
 20
-34.62582640646386
 10
3.3260433747897284
 20
-34.605182006891916
 10
3.357337696028578
 20
-34.58444706872975
 10
3.3887040663860106
 20
-34.56361958564519
 10
3.4201506308502596
 20
-34.54269749518226
 10
3.451685733574073
 20
-34.52167868212772
 10
3.4833179216848666
 20
-34.50056098223806
 10
3.5150559490751134
 20
-34.47934218634947
 10
3.546908780157231
 20
-34.45802004489444
 10
3.5788855935654396
 20
-34.43659227284908
 10
3.6109957857852737
 20
-34.415056555137035
 10
3.6432489746890724
 20
-34.393410552515675
 10
3.675655002953584
 20
-34.371651907972335
 10
3.708223941333407
 20
-34.349778253658286
 10
3.740966091761121
 20
-34.32778721838911
 10
3.7738919902424075
 20
-34.30567643574128
 10
3.807012409511175
 20
-34.28344355277472
 10
3.8403383614064963
 20
-34.26108623941177
 10
3.8738810989298575
 20
-34.23860219850363
 10
3.907652117937352
 20
-34.215989176614926
 10
3.9416631584176773
 20
-34.19324497555744
 10
3.9759262053027182
 20
-34.17036746470351
 10
4.010453488753069
 20
-34.147354594108954
 10
4.0452574838565365
 20
-34.12420440847501
 10
4.0803509096728074
 20
-34.10091506197674
 10
4.115746727552624
 20
-34.07748483398445
 10
4.151458138654861
 20
-34.05391214570221
 10
4.187498580579637
 20
-34.03019557774526
 10
4.223881723030377
 20
-34.00633388867456
 10
4.260621462412379
 20
-33.9823260345037
 10
4.297731915270109
 20
-33.95817118918821
 10
4.335227410460159
 20
-33.933868766102925
 10
4.373122479951551
 20
-33.90941844050672
 10
4.4114318481400225
 20
-33.884820172987155
 10
4.450170419558265
 20
-33.86007423387027
 10
4.489353264859564
 20
-33.835181228571706
 10
4.528995604948456
 20
-33.81014212385574
 10
4.569112793128685
 20
-33.78495827495823
 10
4.60972029513613
 20
-33.75963145351707
 10
4.6508336669228285
 20
-33.734163876241055
 10
4.692468530057546
 20
-33.70855823423352
 10
4.734640544609096
 20
-33.68281772287133
 10
4.777365379380781
 20
-33.656946072123276
 10
4.820658679368188
 20
-33.630947577173984
 10
4.864536030318343
 20
-33.604827129199556
 10
4.909012920276197
 20
-33.57859024612195
 10
4.954104698014774
 20
-33.55224310314687
 10
4.999826528258254
 20
-33.52579256286846
 10
5.046193343623296
 20
-33.4992462047014
 10
5.093219793222838
 20
-33.4726123533771
 10
5.140920187899178
 20
-33.44590010621865
 10
5.18930844207902
 20
-33.419119358884885
 10
5.238398012273088
 20
-33.39228082925226
 10
5.288201832276496
 20
-33.365396079081364
 10
5.338732245163774
 20
-33.33847753309491
 10
5.390000932214063
 20
-33.31153849507638
 10
5.442018838947641
 20
-33.28459316058316
 10
5.494796098504424
 20
-33.25765662585577
 10
5.5483419526479345
 20
-33.230744892497576
 10
5.602664670734567
 20
-33.20387486749545
 10
5.657771467046896
 20
-33.17706435815452
 10
5.713668416950703
 20
-33.150332061528665
 10
5.770360372398038
 20
-33.12369754794332
 10
5.8278508773611835
 20
-33.09718123823049
 10
5.886142083844803
 20
-33.07080437432675
 10
5.945234669184071
 20
-33.044588982924466
 10
6.0051277553935165
 20
-33.01855783191567
 10
6.065818831384333
 20
-32.99273437942539
 10
6.127303678914213
 20
-32.96714271529905
 10
6.189576303172444
 20
-32.9418074949843
 10
6.25262886893252
 20
-32.916753865833044
 10
6.316451643222221
 20
-32.89200738594204
 10
6.381032945466953
 20
-32.86759393575093
 10
6.446359106053384
 20
-32.84353962272125
 10
6.512414434235845
 20
-32.819870679531206
 10
6.579181196267593
 20
-32.79661335633191
 10
6.646639604580679
 20
-32.773793807724566
 10
6.7147678187621604
 20
-32.75143797522754
 10
6.78354195898101
 20
-32.72957146610912
 10
6.852936132408376
 20
-32.70821942956046
 10
6.922922473046624
 20
-32.687406431272464
 10
6.993471195239888
 20
-32.667156327557244
 10
7.064550660982436
 20
-32.64749214021732
 10
7.136127460974901
 20
-32.62843593341027
 10
7.208166509203464
 20
-32.61000869378313
 10
7.2806311506374195
 20
-32.59223021515555
 10
7.353483281460334
 20
-32.57511898901485
 10
7.426683481071106
 20
-32.55869210204693
 10
7.500191154920087
 20
-32.54296514186576
 10
7.5739646870839845
 20
-32.52795211202066
 10
7.64796160133537
 20
-32.51366535725717
 10
7.722138729333511
 20
-32.50011549988383
 10
7.796452384453799
 20
-32.487311387957746
 10
7.870858539687361
 20
-32.475260055848416
 10
7.9453130079826115
 20
-32.463966697575216
 10
8.019771623366477
 20
-32.45343465314254
 10
8.094190421177906
 20
-32.44366540792234
 10
8.168525815768245
 20
-32.434658604959296
 10
8.24273477407133
 20
-32.42641206990434
 10
8.316774983521427
 20
-32.418921848119815
 10
8.390605012894614
 20
-32.41218225334869
 10
8.464184464768223
 20
-32.406185927203296
 10
8.537474118430296
 20
-32.40092390860886
 10
8.610436062221543
 20
-32.39638571223495
 10
8.683033814455342
 20
-32.39255941486654
 10
8.755232432230565
 20
-32.389431748605105
 10
8.826998607624436
 20
-32.38698819975009
 10
8.898300750925838
 20
-32.38521311219216
 10
8.96910906073818
 20
-32.38408979415034
 10
9.039395580943587
 20
-32.38360062710432
 10
9.109134244672145
 20
-32.38372717581064
 10
9.178300905562974
 20
-32.38445029834244
 10
9.246873356729324
 20
-32.385750255158484
 10
9.314831337953969
 20
-32.38760681628181
 10
9.382156531737618
 20
-32.38999936575413
 10
9.44883254890296
 20
-32.39290700262097
 10
9.514844904521581
 20
-32.39630863779836
 10
9.580180984978401
 20
-32.40018308626716
 10
9.64483000702078
 20
-32.404509154137585
 10
9.708782969657502
 20
-32.409265720220695
 10
9.772032599776765
 20
-32.414431811834035
 10
9.834573292344896
 20
-32.41998667465516
 10
9.89640104602909
 20
-32.425909836517114
 10
9.957513395059186
 20
-32.43218116511365
 10
10.017909338108389
 20
-32.43878091964924
 10
10.077589264930602
 20
-32.44568979652867
 10
10.136554881445058
 20
-32.45288896923248
 10
10.194809133908628
 20
-32.46036012256999
 10
10.252356132762714
 20
-32.46808548153843
 10
10.309201076687744
 20
-32.47604783504716
 10
10.365350177343519
 20
-32.4842305547897
 10
10.420810585219247
 20
-32.492617609563844
 10
10.47559031696469
 20
-32.50119357535194
 10
10.529698184522507
 20
-32.50994364148017
 10
10.583143726333308
 20
-32.518853613177924
 10
10.635937140839145
 20
-32.52790991085678
 10
10.688089222468015
 20
-32.537099566422874
 10
10.739611300242416
 20
-32.54641021692907
 10
10.790515179118534
 20
-32.555830095862184
 10
10.840813084129476
 20
-32.56534802234866
 10
10.890517607376275
 20
-32.57495338854757
 10
10.93964165788385
 20
-32.58463614548554
 10
10.988198414315608
 20
-32.59438678757147
 10
11.036201280520139
 20
-32.604196336013835
 10
11.083663843865649
 20
-32.614056321345686
 10
11.130599836302956
 20
-32.62395876524709
 10
11.177023098085327
 20
-32.63389616183827
 10
11.222947544063144
 20
-32.64386145860066
 10
11.268387132463168
 20
-32.65384803706853
 10
11.313355836055793
 20
-32.663849693418676
 10
11.357867615608997
 20
-32.67386061907219
 10
11.401936395524414
 20
-32.68387538140917
 10
11.445576041549002
 20
-32.69388890468471
 10
11.488800340454972
 20
-32.70389645122334
 10
11.531622981580862
 20
-32.71389360295826
 10
11.574057540127509
 20
-32.72387624337201
 10
11.616117462104558
 20
-32.733840539885975
 10
11.657816050825268
 20
-32.74378292673821
 10
11.699166454850317
 20
-32.75370008838117
 10
11.740181657284333
 20
-32.76358894342467
 10
11.780874466332477
 20
-32.77344662914278
 10
11.821257507028026
 20
-32.783270486558166
 10
11.861343214045757
 20
-32.79305804611278
 10
11.901143825519958
 20
-32.80280701392895
 10
11.940671377789883
 20
-32.812515258661534
 10
11.979937700999413
 20
-32.822180798938625
 10
12.018954415481865
 20
-32.83180179138495
 10
12.057732928864636
 20
-32.84137651922022
 10
12.096284433832412
 20
-32.85090338142225
 10
12.134619906491336
 20
-32.860380882442826
 10
12.172750105280194
 20
-32.869807622463455
 10
12.21068557037827
 20
-32.879182288176
 10
12.2484366235628
 20
-32.888503644073275
 10
12.286013368472323
 20
-32.897770524233074
 10
12.32342569123519
 20
-32.906981824579134
 10
12.360683261425546
 20
-32.91613649560206
 10
12.397795533311808
 20
-32.9252335355227
 10
12.434771747365403
 20
-32.93427198388076
 10
12.471620931999885
 20
-32.9432509155314
 10
12.508351905513017
 20
-32.95216943503231
 10
12.544973278206568
 20
-32.96102667140446
 10
12.581493454660631
 20
-32.96982177324965
 10
12.617920636141248
 20
-32.9785539042084
 10
12.654262823121831
 20
-32.987222238742234
 10
12.690527817900719
 20
-32.995825958224465
 10
12.726723227298693
 20
-33.004364247324375
 10
12.762856465421642
 20
-33.01283629067017
 10
12.798934756475148
 20
-33.02124126977614
 10
12.834965137618841
 20
-33.02957836022051
 10
12.870954461849573
 20
-33.03784672906054
 10
12.906909400903643
 20
-33.046045532472164
 10
12.942836448169112
 20
-33.054173913602
 10
12.978741921600356
 20
-33.06223100061979
 10
13.014631966627778
 20
-33.07021590496019
 10
13.050512559056267
 20
-33.07812771974314
 10
13.086389507946908
 20
-33.08596551836228
 10
13.12226845847697
 20
-33.093728353232066
 10
13.158154894773826
 20
-33.10141525468383
 10
13.194054142718993
 20
-33.10902523000204
 10
13.229971372719055
 20
-33.11655726259249
 10
13.265911602440559
 20
-33.12401031127395
 10
13.3018796995066
 20
-33.131383309685994
 10
13.337880384152859
 20
-33.13867516580569
 10
13.373918231841618
 20
-33.14588476156613
 10
13.409997675832228
 20
-33.153010952570455
 10
13.446123009706975
 20
-33.16005256789508
 10
13.482298389851525
 20
-33.167008409976305
 10
13.518527837889303
 20
-33.17387725457497
 10
13.55481524306941
 20
-33.18065785081354
 10
13.591164364607879
 20
-33.18734892128107
 10
13.627578833982186
 20
-33.193949162201186
 10
13.66406215717911
 20
-33.20045724365869
 10
13.700617716896211
 20
-33.206871809880695
 10
13.737248774697196
 20
-33.213191479568316
 10
13.7739584731217
 20
-33.219414846275235
 10
13.81074983774991
 20
-33.225540478829686
 10
13.84762577922276
 20
-33.23156692179657
 10
13.884589095218308
 20
-33.237492695976464
 10
13.921642472385022
 20
-33.243316298938936
 10
13.958788488232821
 20
-33.24903620558702
 10
13.99602961298267
 20
-33.25465086875061
 10
14.033368211375558
 20
-33.26015871980623
 10
14.070806544441878
 20
-33.26555816932065
 10
14.10834677123193
 20
-33.270847607716775
 10
14.145990950508688
 20
-33.27602540595924
 10
14.183741042403659
 20
-33.28108991625791
 10
14.221598910036793
 20
-33.286039472787984
 10
14.259566321101477
 20
-33.290872392424276
 10
14.297644949415508
 20
-33.29558697548871
 10
14.33583637643903
 20
-33.300181506509325
 10
14.374142092760435
 20
-33.30465425498926
 10
14.412563499551085
 20
-33.30900347618485
 10
14.451101909989916
 20
-33.31322741189108
 10
14.48975855065876
 20
-33.31732429123362
 10
14.52853456290936
 20
-33.32129233146636
 10
14.567431004202936
 20
-33.325129738773235
 10
14.60644884942338
 20
-33.328834709073504
 10
14.645588992164527
 20
-33.33240542882975
 10
14.684852245992913
 20
-33.33584007585746
 10
14.72423934568646
 20
-33.339136820135714
 10
14.76375094845009
 20
-33.34229382461813
 10
14.803387635109019
 20
-33.345309246043364
 10
14.84314991128054
 20
-33.348181235744434
 10
14.883038208525061
 20
-33.35090794045672
 10
14.923052885477158
 20
-33.353487503123404
 10
14.963194228957345
 20
-33.35591806369843
 10
15.003462455065304
 20
-33.35819775994614
 10
15.04385771025526
 20
-33.36032472823727
 10
15.084380072394154
 20
-33.362297104340946
 10
15.125029551803289
 20
-33.36411302421205
 10
15.16580609228409
 20
-33.3657706247738
 10
15.206709572128561
 20
-33.3672680446952
 10
15.24773980511505
 20
-33.368603425162824
 10
15.288896541489931
 20
-33.36977491064691
 10
15.330179468935714
 20
-33.370780649661235
 10
15.371588213526138
 20
-33.37161879551665
 10
15.41312234066882
 20
-33.372287507068066
 10
15.454781356035864
 20
-33.372784949454505
 10
15.496564706483026
 20
-33.373109294832076
 10
15.538471780957863
 20
-33.37325872309983
 10
15.580501911397265
 20
-33.373231422617984
 10
15.622654373614946
 20
-33.37302559091868
 10
15.664928388179156
 20
-33.37263943540884
 10
15.707323121281174
 20
-33.37207117406518
 10
15.749837685594853
 20
-33.371319036121136
 10
15.79247114112767
 20
-33.370381262745596
 10
15.835222496063622
 20
-33.36925610771317
 10
15.878090707598314
 20
-33.36794183806636
 10
15.9210746827666
 20
-33.366436734768804
 10
15.964173279263045
 20
-33.36473909335016
 10
16.007385306255607
 20
-33.36284722454215
 10
16.050709525192737
 20
-33.360759454905796
 10
16.09414465060427
 20
-33.35847412744988
 10
16.13768935089631
 20
-33.35598960224029
 10
16.181342249140457
 20
-33.353304257000424
 10
16.2251019238575
 20
-33.35041648770253
 10
16.268966909795985
 20
-33.34732470914992
 10
16.312935698705687
 20
-33.3440273555499
 10
16.357006740106414
 20
-33.34052288107752
 10
16.401178442052192
 20
-33.33680976043004
 10
16.445449171891088
 20
-33.33288648937211
 10
16.489817257020917
 20
-33.32875158527148
 10
16.534280985640876
 20
-33.32440358762541
 10
16.578838607499446
 20
-33.3198410585776
 10
16.62348833463858
 20
-33.315062583425664
 10
16.668228342134423
 20
-33.310066771119196
 10
16.713056768834665
 20
-33.30485225474817
 10
16.757971718092683
 20
-33.29941769202197
 10
16.802971258498623
 20
-33.29376176573879
 10
16.848053424607492
 20
-33.287883184245516
 10
16.893216217664435
 20
-33.281780681887895
 10
16.938457606327262
 20
-33.27545301945133
 10
16.983775527386364
 20
-33.268898984591864
 10
17.029167886482092
 20
-33.26211739225764
 10
17.07463255881971
 20
-33.255107085100754
 10
17.120167389881928
 20
-33.247866933879386
 10
17.165770196139253
 20
-33.240395837850365
 10
17.211438765758082
 20
-33.23269272515207
 10
17.257170859306633
 20
-33.22475655317766
 10
17.302964210458835
 20
-33.21658630893866
 10
17.348816526696215
 20
-33.20818100941892
 10
17.394725490007737
 20
-33.19953970191885
 10
17.440688757587814
 20
-33.19066146439009
 10
17.486703962532353
 20
-33.181545405760424
 10
17.532768714533024
 20
-33.17219066624914
 10
17.578880600569654
 20
-33.16259641767268
 10
17.62503718560088
 20
-33.15276186374062
 10
17.671236013253033
 20
-33.142686240342144
 10
17.717474606507263
 20
-33.132368815822666
 10
17.763750468384956
 20
-33.12180889125106
 10
17.81006108263144
 20
-33.111005800677034
 10
17.856403914397966
 20
-33.09995891137914
 10
17.90277641092203
 20
-33.08866762410288
 10
17.94917600220596
 20
-33.07713137328955
 10
17.995600101693825
 20
-33.06534962729519
 10
18.04204610694664
 20
-33.05332188860016
 10
18.088511400315856
 20
-33.041047694009066
 10
18.134993349615144
 20
-33.02852661484114
 10
18.181489308790418
 20
-33.015758257111074
 10
18.227996618588143
 20
-33.00274226170034
 10
18.274512607221837
 20
-32.98947830451903
 10
18.321034591036824
 20
-32.97596609665807
 10
18.367559875173118
 20
-32.96220538453208
 10
18.414085754226566
 20
-32.948195950012725
 10
18.46060951290797
 20
-32.93393761055252
 10
18.507128426700458
 20
-32.919430219299365
 10
18.55363976251486
 20
-32.9046736652015
 10
18.60014077934309
 20
-32.889667873103114
 10
18.646628728909565
 20
-32.874412803830616
 10
18.6931008563206
 20
-32.85890845426945
 10
18.73955440071165
 20
-32.843154857431614
 10
18.78598659589247
 20
-32.827152082513834
 10
18.832394670990148
 20
-32.810900234946466
 10
18.87877585108984
 20
-32.794399456433055
 10
18.92512735787328
 20
-32.77764992498062
 10
18.971446410255002
 20
-32.7606518549208
 10
19.017730225016187
 20
-32.74340549692166
 10
19.063976017436072
 20
-32.725911137990344
 10
19.110181001920925
 20
-32.708169101466574
 10
19.156342392630513
 20
-32.690179747007
 10
19.202457404101946
 20
-32.671943470560365
 10
19.248523251870957
 20
-32.653460704333646
 10
19.29453715309043
 20
-32.63473191674909
 10
19.340496327146255
 20
-32.615757612392194
 10
19.386397996270297
 20
-32.59653833195069
 10
19.4322393861506
 20
-32.57707465214452
 10
19.47801772653854
 20
-32.557367185646854
 10
19.52373025185315
 20
-32.53741658099618
 10
19.56937420178223
 20
-32.51722352249948
 10
19.61494682188049
 20
-32.49678873012654
 10
19.66044536416441
 20
-32.476112959395394
 10
19.7058670877039
 20
-32.455197001249005
 10
19.751209259210704
 20
-32.434041681923084
 10
19.796469153623335
 20
-32.412647862805244
 10
19.841644054688636
 20
-32.39101644028537
 10
19.88673125553985
 20
-32.36914834559734
 10
19.931728059271066
 20
-32.347044544652086
 10
19.97663177950806
 20
-32.324706037862
 10
20.02143974097544
 20
-32.30213385995686
 10
20.066149280059978
 20
-32.27932907979107
 10
20.11075774537015
 20
-32.256292800142475
 10
20.155262498291716
 20
-32.23302615750269
 10
20.19966091353937
 20
-32.20953032185898
 10
20.243950379704287
 20
-32.18580649646763
 10
20.288128299797563
 20
-32.16185591761921
 10
20.332192091789636
 20
-32.13767985439516
 10
20.376139189145068
 20
-32.113279608416434
 10
20.419967041353406
 20
-32.08865651358356
 10
20.46367311445542
 20
-32.06381193580874
 10
20.50725489156496
 20
-32.038747272739606
 10
20.55070987338625
 20
-32.01346395347497
 10
20.594035578726587
 20
-31.987963438272303
 10
20.637229545004395
 20
-31.962247218247313
 10
20.6802893287525
 20
-31.936316815065453
 10
20.723212506116624
 20
-31.91017378062535
 10
20.765996673349015
 20
-31.8838196967345
 10
20.80863944729709
 20
-31.857256174776815
 10
20.85113846588713
 20
-31.830484855372504
 10
20.893491388602836
 20
-31.80350740803008
 10
20.93569589695881
 20
-31.776325530790487
 10
20.977749694968697
 20
-31.748940949863673
 10
21.019650509608248
 20
-31.721355419257343
 10
21.061396091272837
 20
-31.693570720398043
 10
21.1029842142297
 20
-31.665588661744767
 10
21.144412677064658
 20
-31.637411078394805
 10
21.18567930312328
 20
-31.609039831682228
 10
21.226781940946488
 20
-31.580476808768807
 10
21.267718464700465
 20
-31.551723922227502
 10
21.308486774600848
 20
-31.522783109618473
 10
21.349084797331113
 20
-31.493656333057903
 10
21.389510486455155
 20
-31.464345578779334
 10
21.429761822823878
 20
-31.434852856687783
 10
21.46983681497589
 20
-31.40518019990663
 10
21.509733499532114
 20
-31.37532966431727
 10
21.549449941584317
 20
-31.34530332809164
 10
21.58898423507754
 20
-31.315103291217643
 10
21.628334503186217
 20
-31.284731675017408
 10
21.667498898684144
 20
-31.2541906216586
 10
21.706475604308054
 20
-31.223482293658712
 10
21.745262833114847
 20
-31.1926088733823
 10
21.7838588288324
 20
-31.161572562531497
 10
21.82226186620388
 20
-31.130375581629377
 10
21.860470251325538
 20
-31.099020169496683
 10
21.898482321977927
 20
-31.067508582721672
 10
21.936296447950447
 20
-31.035843095123116
 10
21.973911031359272
 20
-31.00402599720666
 10
22.0113245069585
 20
-30.972059595614397
 10
22.04853534244456
 20
-30.939946212567815
 10
22.085542038753786
 20
-30.907688185304107
 10
22.122343130353087
 20
-30.875287865505747
 10
22.158937185523794
 20
-30.842747618723703
 10
22.195322806638487
 20
-30.810069823793903
 10
22.23149863043084
 20
-30.77725687224724
 10
22.267463328258508
 20
-30.744311167713168
 10
22.303215606358805
 20
-30.71123512531666
 10
22.338754206097448
 20
-30.678031171068877
 10
22.374077904210015
 20
-30.64470174125134
 10
22.40918551303632
 20
-30.6112492817937
 10
22.44407588074757
 20
-30.577676247645158
 10
22.47874789156621
 20
-30.543985102139526
 10
22.513200465978656
 20
-30.510178316353926
 10
22.54743256094057
 20
-30.47625836846116
 10
22.581443170074923
 20
-30.442227743075826
 10
22.61523132386269
 20
-30.40808893059406
 10
22.648796089826163
 20
-30.373844426527075
 10
22.6821365727049
 20
-30.3394967308283
 10
22.71525191462425
 20
-30.305048347214395
 10
22.748141295256502
 20
-30.270501782479904
 10
22.780803931974543
 20
-30.235859545805695
 10
22.813239079998088
 20
-30.201124148061034
 10
22.84544603253249
 20
-30.16629810109959
 10
22.877424120900017
 20
-30.131383917048943
 10
22.90917271466374
 20
-30.096384107594034
 10
22.94069122174383
 20
-30.061301183254095
 10
22.971979088526506
 20
-30.02613765265352
 10
23.00303579996543
 20
-29.990896021786266
 10
23.033860879675622
 20
-29.955578793273936
 10
23.064453890019937
 20
-29.92018846561757
 10
23.094814432188116
 20
-29.88472753244306
 10
23.124942146268307
 20
-29.849198481740036
 10
23.154836711311223
 20
-29.81360379509451
 10
23.184497845386872
 20
-29.77794594691489
 10
23.21392530563385
 20
-29.742227403651555
 10
23.243118888301368
 20
-29.706450623009896
 10
23.272078428783786
 20
-29.670618053156698
 10
23.300803801648
 20
-29.63473213191997
 10
23.329294920653425
 20
-29.598795285982007
 10
23.3575517387648
 20
-29.562809930065697
 10
23.38557424815779
 20
-29.526778466114095
 10
23.413362480217444
 20
-29.49070328246301
 10
23.4409165055295
 20
-29.454586753006694
 10
23.46823643386475
 20
-29.41843123635653
 10
23.495322414156277
 20
-29.38223907499256
 10
23.522174634469906
 20
-29.346012594407842
 10
23.548793321967707
 20
-29.309754102245527
 10
23.575178742864765
 20
-29.273465887428575
 10
23.60133120237923
 20
-29.237150219281972
 10
23.627251044675752
 20
-29.200809346647368
 10
23.652938652802355
 20
-29.164445496990027
 10
23.678394448620995
 20
-29.128060875497955
 10
23.703618892731605
 20
-29.09165766417312
 10
23.728612484390077
 20
-29.05523802091455
 10
23.753375761420095
 20
-29.018804078593327
 10
23.777909300118928
 20
-28.98235794411911
 10
23.802213715157475
 20
-28.94590169749833
 10
23.82628965947447
 20
-28.90943739088356
 10
23.85013782416524
 20
-28.872967047614242
 10
23.873758938364983
 20
-28.836492661248347
 10
23.897153769126785
 20
-28.800016194584906
 10
23.920323121294615
 20
-28.76353957867724
 10
23.943267837371362
 20
-28.727064711836594
 10
23.96598879738221
 20
-28.69059345862618
 10
23.988486918733514
 20
-28.654127648845193
 10
24.010763156067323
 20
-28.6176690765027
 10
24.03281850111192
 20
-28.581219498781252
 10
24.054653982528528
 20
-28.54478063498987
 10
24.076270665754354
 20
-28.50835416550618
 10
24.09766965284244
 20
-28.471941730707584
 10
24.11885208229839
 20
-28.43554492989106
 10
24.139819128914375
 20
-28.3991653201814
 10
24.160572003600798
 20
-28.362804415427664
 10
24.18111195321563
 20
-28.326463685087504
 10
24.20144026039219
 20
-28.290144553099054
 10
24.22155824336542
 20
-28.253848396740292
 10
24.241467255797062
 20
-28.21757654547523
 10
24.261168686600328
 20
-28.18133027978702
 10
24.2806639597642
 20
-28.145110829997336
 10
24.299954534178035
 20
-28.10891937507195
 10
24.319041903456792
 20
-28.072757041412007
 10
24.33792759576741
 20
-28.03662490163077
 10
24.356613173656847
 20
-28.00052397331542
 10
24.375100233882335
 20
-27.96445521777373
 10
24.39339040724436
 20
-27.92841953876487
 10
24.41148535842293
 20
-27.89241778121465
 10
24.429386785817865
 20
-27.856450729914066
 10
24.447096421393717
 20
-27.820519108201413
 10
24.464616030529875
 20
-27.78462357662721
 10
24.48194741187676
 20
-27.748764731601785
 10
24.499092397218714
 20
-27.71294310402501
 10
24.516052851344448
 20
-27.677159157897883
 10
24.53283067192594
 20
-27.641413288915633
 10
24.54942778940641
 20
-27.60570582304179
 10
24.56584616689861
 20
-27.570037015063072
 10
24.582087800094158
 20
-27.534407047124596
 10
24.59815471718497
 20
-27.498816027245063
 10
24.614048978797967
 20
-27.46326398781165
 10
24.62977267794396
 20
-27.42775088405413
 10
24.645327939982057
 20
-27.392276592498014
 10
24.66071692260074
 20
-27.356840909396382
 10
24.67594181581688
 20
-27.321443549139993
 10
24.691004841994033
 20
-27.28608414264556
 10
24.705908255881525
 20
-27.25076223572185
 10
24.720654344675637
 20
-27.21547728741333
 10
24.73524542810463
 20
-27.180228668321288
 10
24.749683858538983
 20
-27.145015658902185
 10
24.763972021128883
 20
-27.109837447743054
 10
24.77811233397046
 20
-27.07469312981404
 10
24.792107248302752
 20
-27.039581704697856
 10
24.805959248737388
 20
-27.004502074796317
 10
24.819670853523007
 20
-26.96945304351393
 10
24.833244614846535
 20
-26.93443331341879
 10
24.84668311917367
 20
-26.899441484380933
 10
24.859988987630683
 20
-26.86447605168844
 10
24.8731648764304
 20
-26.82953540414176
 10
24.88621347734455
 20
-26.794617822126717
 10
24.89913751822532
 20
-26.759721475666755
 10
24.911939763578992
 20
-26.724844422455256
 10
24.924623015194534
 20
-26.68998460586869
 10
24.93719011283012
 20
-26.655139852961668
 10
24.949643934960996
 20
-26.62030787244506
 10
24.961987399591727
 20
-26.585486252648465
 10
24.97422346513655
 20
-26.55067245946861
 10
24.98635513137141
 20
-26.51586383430545
 10
24.998385440461163
 20
-26.481057591987813
 10
25.010317478066334
 20
-26.44625081869092
 10
25.022154374533052
 20
-26.411440469848134
 10
25.033899306170625
 20
-26.376623368059853
 10
25.04555549662112
 20
-26.341796201002417
 10
25.057126218325283
 20
-26.306955519340615
 10
25.068614794089765
 20
-26.272097734647442
 10
25.080024598760357
 20
-26.2372191173354
 10
25.091359061006152
 20
-26.202315794603777
 10
25.102621665220006
 20
-26.167383748407147
 10
25.113815953540453
 20
-26.132418813450492
 10
25.124945528000538
 20
-26.09741667521716
 10
25.136014052809323
 20
-26.062372868036253
 10
25.14702525677147
 20
-26.027282773196756
 10
25.157982935851123
 20
-25.992141617116374
 10
25.16889095588583
 20
-25.956944469573816
 10
25.17975325545648
 20
-25.92168624201379
 10
25.19057384891967
 20
-25.88636168593517
 10
25.20135682960833
 20
-25.850965391373418
 10
25.21210637320711
 20
-25.815491785489222
 10
25.22282674130857
 20
-25.779935131276655
 10
25.23352228515629
 20
-25.744289526404867
 10
25.24419744958123
 20
-25.70854890220861
 10
25.254856777137174
 20
-25.672707022844197
 10
25.265504912440992
 20
-25.636757484628596
 10
25.276146606723568
 20
-25.60069371558093
 10
25.286786722596542
 20
-25.564508975186865
 10
25.29743023903986
 20
-25.528196354408113
 10
25.308082256614806
 20
-25.491748775960822
 10
25.318748002906272
 20
-25.455158994888183
 10
25.329432838197977
 20
-25.41841959945455
 10
25.34014226138318
 20
-25.381523012390257
 10
25.35088191611257
 20
-25.344461492517983
 10
25.361657597180557
 20
-25.307227136793905
 10
25.372475257149265
 20
-25.269811882798773
 10
25.383341013209034
 20
-25.232207511716336
 10
25.394261154272236
 20
-25.194405651838764
 10
25.405242148295628
 20
-25.156397782640965
 10
25.416290649825008
 20
-25.118175239468357
 10
25.42741350775333
 20
-25.07972921888467
 10
25.438617773281237
 20
-25.04105078472915
 10
25.449910708066742
 20
-25.002130874934856
 10
25.461299792547372
 20
-24.962960309162106
 10
25.4727927344152
 20
-24.923529797303853
 10
25.484397477221744
 20
-24.88382994892174
 10
25.496122209085406
 20
-24.843851283674176
 10
25.507975371470746
 20
-24.803584242799744
 10
25.51996566800332
 20
-24.763019201721402
 10
25.53210207327939
 20
-24.722146483838436
 10
25.54439384162443
 20
-24.680956375574894
 10
25.556850515748238
 20
-24.639439142754313
 10
25.56948193523821
 20
-24.597585048371148
 10
25.582298244825953
 20
-24.55538437183006
 10
25.5953099023548
 20
-24.51282742972331
 10
25.608527686368504
 20
-24.46990459821654
 10
25.62196270323333
 20
-24.426606337110748
 10
25.63562639369715
 20
-24.382923215646386
 10
25.649530538780652
 20
-24.338845940112016
 10
25.66368726488642
 20
-24.29436538331561
 10
25.678109048002348
 20
-24.249472615970678
 10
25.692808716866388
 20
-24.204158940043115
 10
25.707799454949544
 20
-24.158415924095596
 10
25.723094801104907
 20
-24.112235440657173
 10
25.73870864872047
 20
-24.065609705633616
 10
25.75465524320414
 20
-24.01853131976074
 10
25.77094917762102
 20
-23.970993312087835
 10
25.787605386294
 20
-23.92298918546042
 10
25.80463913617197
 20
-23.87451296395228
 10
25.822066015763212
 20
-23.825559242174606
 10
25.839901921426932
 20
-23.776123236365894
 10
25.85816304081228
 20
-23.726200837139768
 10
25.876865833233424
 20
-23.67578866373885
 10
25.896027006769625
 20
-23.624884119611405
 10
25.91566349188386
 20
-23.573485449094438
 10
25.935792411359643
 20
-23.521591794950947
 10
25.956431046366568
 20
-23.46920325647183
 10
25.977596798478853
 20
-23.416320947814214
 10
25.99930714748998
 20
-23.3629470562074
 10
26.021579604889105
 20
-23.30908489961727
 10
26.044431662893334
 20
-23.254738983418786
 10
26.06788073896248
 20
-23.199915055585386
 10
26.09194411576202
 20
-23.144620159865266
 10
26.116638876583817
 20
-23.08886268637675
 10
26.14198183628379
 20
-23.032652419020707
 10
26.16798946785132
 20
-22.976000579077645
 10
26.19467782478523
 20
-22.91891986433126
 10
26.22206245951742
 20
-22.861424483041553
 10
26.250158338194638
 20
-22.803530182077992
 10
26.278979752203043
 20
-22.745254268519584
 10
26.308540226896632
 20
-22.686615624035596
 10
26.338852428069295
 20
-22.62763471137569
 10
26.369928066789008
 20
-22.56833357232771
 10
26.401777803290603
 20
-22.508735816541332
 10
26.43441115069908
 20
-22.448866600669568
 10
26.46783637942643
 20
-22.388752597346716
 10
26.502060423149306
 20
-22.32842195360275
 10
26.53708878733176
 20
-22.26790423840742
 10
26.572925461302937
 20
-22.20723037914417
 10
26.609572834933772
 20
-22.146432586933177
 10
26.64703162097642
 20
-22.085544270851614
 10
26.685300784133904
 20
-22.024599941237604
 10
26.724377477914242
 20
-21.963635102409583
 10
26.76425699029131
 20
-21.902686135281545
 10
26.80493269914352
 20
-21.841790170506485
 10
26.846396038370546
 20
-21.780984952929177
 10
26.888636475498284
 20
-21.72030869827441
 10
26.93164150147271
 20
-21.659799943134068
 10
26.97539663321689
 20
-21.599497389441495
 10
27.019885429382576
 20
-21.539439744732924
 10
27.065089519571533
 20
-21.479665559589115
 10
27.110988647134754
 20
-21.42021306372328
 10
27.157560725482647
 20
-21.361120002232546
 10
27.204781907660305
 20
-21.302423473555933
 10
27.25262666876282
 20
-21.244159770682806
 10
27.301067900588794
 20
-21.186364227130674
 10
27.350077017762317
 20
-21.129071069159753
 10
27.39962407439534
 20
-21.072313275615503
 10
27.44967789021959
 20
-21.01612244669068
 10
27.500206184991843
 20
-20.960528682776562
 10
27.55117571987121
 20
-20.905560474433663
 10
27.602552444384916
 20
-20.851244604355742
 10
27.65430164754105
 20
-20.79760606203331
 10
27.70638811161305
 20
-20.744667971646862
 10
27.75877626711321
 20
-20.692451533539042
 10
27.811430347488997
 20
-20.640975979433925
 10
27.86431454211649
 20
-20.590258541393936
 10
27.9173931462281
 20
-20.54031443433329
 10
27.97063070649361
 20
-20.49115685174648
 10
28.023992161074066
 20
-20.442796974161507
 10
28.077442973082324
 20
-20.395243989694823
 10
28.130949256509524
 20
-20.348505125968888
 10
28.184477893811582
 20
-20.30258569255536
 10
28.237996644488906
 20
-20.257489133028262
 10
28.29147424413388
 20
-20.213217085651966
 10
28.34488049356199
 20
-20.169769451688317
 10
28.39818633777897
 20
-20.12714447028519
 10
28.451363934668493
 20
-20.08533879890382
 10
28.504386713408678
 20
-20.044347598253207
 10
28.557229422739443
 20
-20.004164620725668
 10
28.609868169306992
 20
-19.964782301365062
 10
28.66228044640325
 20
-19.926191850448273
 10
28.71444515349781
 20
-19.888383346817697
 10
28.766342607027507
 20
-19.851345831166824
 10
28.817954542963147
 20
-19.815067398550248
 10
28.86926411171582
 20
-19.779535289462224
 10
28.920255865976895
 20
-19.744735978901836
 10
28.970915742105124
 20
-19.71065526291763
 10
29.02123103568555
 20
-19.677278342197898
 10
29.071190371885617
 20
-19.644589902344254
 10
29.120783671227233
 20
-19.61257419053426
 10
29.170002111379787
 20
-19.581215088343676
 10
29.218838085559106
 20
-19.550496180558902
 10
29.267285158092697
 20
-19.520400819865735
 10
29.315338017683263
 20
-19.490912187351043
 10
29.362992428869767
 20
-19.46201334879936
 10
29.410245182152437
 20
-19.43368730680662
 10
29.457094043211857
 20
-19.405917048768313
 10
29.503537701616388
 20
-19.378685590829836
 10
29.549575719376104
 20
-19.351976017912293
 10
29.595208479664876
 20
-19.32577151994807
 10
29.640437135997686
 20
-19.30005542447787
 10
29.68526356211608
 20
-19.274811225774016
 10
29.729690302802037
 20
-19.25002261066477
 10
29.773720525809996
 20
-19.225673481241216
 10
29.817357975077748
 20
-19.201747974632372
 10
29.860606925349742
 20
-19.178230480035715
 10
29.903472138321867
 20
-19.155105653190088
 10
29.94595882039332
 20
-19.13235842847544
 10
29.988072582090634
 20
-19.109974028820453
 10
30.029819399210282
 20
-19.08793797359383
 10
30.07120557570877
 20
-19.06623608464929
 10
30.11223770835472
 20
-19.044854490687356
 10
30.15292265314381
 20
-19.02377963008979
 10
30.193267493465804
 20
-19.002998252374653
 10
30.23327951000324
 20
-18.982497418411885
 10
30.272966152332184
 20
-18.9622644995312
 10
30.312335012188548
 20
-18.942287175645436
 10
30.351393798357545
 20
-18.922553432504948
 10
30.39015031313836
 20
-18.90305155818978
 10
30.428612430332738
 20
-18.88377013893902
 10
30.466788074702826
 20
-18.86469805440884
 10
30.504685202841472
 20
-18.845824472443375
 10
30.542311785396564
 20
-18.827138843435726
 10
30.57967579059017
 20
-18.8086308943493
 10
30.616785168972633
 20
-18.790290622463708
 10
30.6536478393524
 20
-18.77210828890342
 10
30.690271675842038
 20
-18.754074412001327
 10
30.726664495962538
 20
-18.73617976054466
 10
30.762834049748644
 20
-18.718415346945434
 10
30.798788009799345
 20
-18.700772420373116
 10
30.83453396221962
 20
-18.68324245988307
 10
30.87007939840042
 20
-18.665817167570232
 10
30.905431707586793
 20
-18.648488461774058
 10
30.940598170184817
 20
-18.63124847035752
 10
30.97558595176095
 20
-18.61408952407962
 10
31.01040209768875
 20
-18.597004150078494
 10
31.04505352840027
 20
-18.57998506547942
 10
31.079547035201333
 20
-18.56302517113989
 10
31.113889276612053
 20
-18.546117545541893
 10
31.148086775195615
 20
-18.529255438839463
 10
31.18214591484066
 20
-18.512432267068156
 10
31.216072938464336
 20
-18.495641606521584
 10
31.249873946104763
 20
-18.478877188298554
 10
31.28355489337379
 20
-18.46213289302345
 10
31.317121590242273
 20
-18.44540274574137
 10
31.35057970013214
 20
-18.42868091098846
 10
31.38393473929069
 20
-18.411961688037323
 10
31.417192076424456
 20
-18.39523950631643
 10
31.450356932571076
 20
-18.378508921001803
 10
31.483434381189497
 20
-18.361764608779247
 10
31.51642934844938
 20
-18.345001363774003
 10
31.54934661370266
 20
-18.32821409364523
 10
31.582190810120842
 20
-18.311397815841804
 10
31.61496642548282
 20
-18.29454765401586
 10
31.647677803099356
 20
-18.277658834590394
 10
31.680329142860977
 20
-18.260726683476662
 10
31.71292450239704
 20
-18.2437466229376
 10
31.745467798334964
 20
-18.226714168592608
 10
31.777962807649086
 20
-18.209624926559798
 10
31.810413169089255
 20
-18.19247459073106
 10
31.84282238468068
 20
-18.175258940175713
 10
31.875193821286288
 20
-18.15797383666827
 10
31.90753071222437
 20
-18.140615222336084
 10
31.939836158934348
 20
-18.123179117422456
 10
31.972113132684093
 20
-18.10566161816099
 10
32.00436447631316
 20
-18.088058894756895
 10
32.03659290600616
 20
-18.070367189471256
 10
32.06880101309148
 20
-18.052582814804055
 10
32.10099126586071
 20
-18.034702151772038
 10
32.13316601140461
 20
-18.016721648277603
 10
32.16532747746177
 20
-17.99863781756471
 10
32.197477774276464
 20
-17.9804472367585
 10
32.22961889646257
 20
-17.962146545484657
 10
32.2617527248707
 20
-17.94373244456514
 10
32.29388102845581
 20
-17.92520169478721
 10
32.326005466143016
 20
-17.906551115741966
 10
32.35812758868954
 20
-17.88777758472967
 10
32.390248840540735
 20
-17.868878035728518
 10
32.422370561678406
 20
-17.849849458424085
 10
32.4544939894603
 20
-17.83068889729651
 10
32.4866202604488
 20
-17.811393450762647
 10
32.51875041222803
 20
-17.791960270370552
 10
32.55088538520809
 20
-17.77238656004383
 10
32.58302602441567
 20
-17.75266957537328
 10
32.615173081269845
 20
-17.732806622953476
 10
32.64732721534277
 20
-17.712795059762108
 10
32.67948899610432
 20
-17.692632292579777
 10
32.71165890465033
 20
-17.672315777448272
 10
32.743837335413886
 20
-17.651843019165206
 10
32.776024597859376
 20
-17.631211570813054
 10
32.80822091815892
 20
-17.61041903332096
 10
32.84042644085104
 20
-17.58946305505719
 10
32.87264123048131
 20
-17.568341331450817
 10
32.90486527322487
 20
-17.54705160464087
 10
32.93709847849078
 20
-17.52559166315131
 10
32.96934068050818
 20
-17.503959341590566
 10
33.00159163989406
 20
-17.482152520373944
 10
33.033851045203036
 20
-17.460169125467573
 10
33.06611851445889
 20
-17.438007128152776
 10
33.098393596668046
 20
-17.41566454480932
 10
33.13067577331525
 20
-17.393139436716513
 10
33.162964459841355
 20
-17.37042990987093
 10
33.19525900710357
 20
-17.347534114819652
 10
33.227558702818285
 20
-17.324450246508068
 10
33.25986277298651
 20
-17.301176544141015
 10
33.29217038330247
 20
-17.277711291056445
 10
33.32448064054525
 20
-17.254052814610745
 10
33.35679259395381
 20
-17.230199486074603
 10
33.38910523658576
 20
-17.20614972053882
 10
33.4214175066598
 20
-17.181901976829067
 10
33.45372828888242
 20
-17.157454757428894
 10
33.48603641575887
 20
-17.13280660841034
 10
33.51834066888874
 20
-17.107956119371245
 10
33.55063978024637
 20
-17.08290192337871
 10
33.58293243344633
 20
-17.057642696918105
 10
33.615217264994264
 20
-17.0321771598469
 10
33.64749286552332
 20
-17.006504075352744
 10
33.67975778101636
 20
-16.98062224991535
 10
33.71201051401431
 20
-16.954530533271484
 10
33.744249524810755
 20
-16.9282278183827
 10
33.77647323263321
 20
-16.901713041405216
 10
33.80868001681096
 20
-16.87498518166148
 10
33.84086821793017
 20
-16.848043261613117
 10
33.873036138976104
 20
-16.82088634683462
 10
33.905182046462805
 20
-16.793513545987544
 10
33.93730417155055
 20
-16.76592401079478
 10
33.969400711151124
 20
-16.738116936014414
 10
34.00146982902129
 20
-16.710091559413094
 10
34.03350965684449
 20
-16.6818471617383
 10
34.065518295301096
 20
-16.653383066689287
 10
34.09749381512746
 20
-16.624698640886518
 10
34.12943425816369
 20
-16.595793293839108
 10
34.16133763839068
 20
-16.56666647791012
 10
34.19320194295622
 20
-16.537317688279455
 10
34.22502513319071
 20
-16.507746462904
 10
34.2568051456124
 20
-16.47795238247491
 10
34.28853989292232
 20
-16.447935070371745
 10
34.3202272649892
 20
-16.417694192613176
 10
34.351865129824475
 20
-16.38722945780422
 10
34.38345133454742
 20
-16.356540617079695
 10
34.414983706340706
 20
-16.32562746404368
 10
34.44646005339635
 20
-16.29448983470499
 10
34.47787816585235
 20
-16.263127607408215
 10
34.509235816720036
 20
-16.231540702760505
 10
34.54053076280227
 20
-16.1997290835537
 10
34.57176074560257
 20
-16.167692754681656
 10
34.602923492225415
 20
-16.135431763052953
 10
34.634016716267574
 20
-16.102946197498433
 10
34.66503811870089
 20
-16.070236188673753
 10
34.69598538874628
 20
-16.03730190895674
 10
34.72685620473928
 20
-16.004143572339437
 10
34.75764823498715
 20
-15.970761434314792
 10
34.788359138617544
 20
-15.937155791757831
 10
34.81898656641895
 20
-15.903326982801296
 10
34.84952816167289
 20
-15.869275386705652
 10
34.87998156097796
 20
-15.83500142372335
 10
34.91034439506576
 20
-15.800505554957349
 10
34.94061428960888
 20
-15.765788282213784
 10
34.97078886602081
 20
-15.730850147848708
 10
35.00086574224807
 20
-15.695691734608953
 10
35.03084253355431
 20
-15.6603136654669
 10
35.06071685329675
 20
-15.624716603449285
 10
35.09048631369476
 20
-15.58890125145991
 10
35.12014852659073
 20
-15.552868352096182
 10
35.14970110420322
 20
-15.516618687459578
 10
35.179141659872506
 20
-15.480153078959903
 10
35.208467808798446
 20
-15.443472387113328
 10
35.23767716877074
 20
-15.406577511334248
 10
35.26676736089163
 20
-15.369469389720884
 10
35.295736010291066
 20
-15.332148998834644
 10
35.32458074683428
 20
-15.294617353473217
 10
35.35329920582193
 20
-15.25687550643739
 10
35.38188902868262
 20
-15.21892454829165
 10
35.410347863658046
 20
-15.180765607118431
 10
35.438673366480586
 20
-15.142399848266162
 10
35.46686320104345
 20
-15.103828474091012
 10
35.49491504006339
 20
-15.06505272369241
 10
35.52282656573587
 20
-15.026073872642261
 10
35.55059547038287
 20
-14.986893232708004
 10
35.578219457093155
 20
-14.947512151569383
 10
35.60569624035517
 20
-14.90793201252903
 10
35.63302354668234
 20
-14.868154234216908
 10
35.660199115230995
 20
-14.828180270288515
 10
35.68722069841085
 20
-14.788011609117035
 10
35.714086062487965
 20
-14.747649773479228
 10
35.74079298818011
 20
-14.707096320235474
 10
35.76733927124476
 20
-14.666352840003533
 10
35.79372272305957
 20
-14.625420956826378
 10
35.81994117119521
 20
-14.584302327834044
 10
35.84599245998079
 20
-14.542998642899473
 10
35.87187445106164
 20
-14.501511624288508
 10
35.897585023949446
 20
-14.45984302630392
 10
35.92312207656501
 20
-14.417994634923673
 10
35.94848352577318
 20
-14.37596826743335
 10
35.97366730791018
 20
-14.333765772052821
 10
35.99867137930347
 20
-14.291389027557202
 10
36.023493716783605
 20
-14.248839942892173
 10
36.0481323181887
 20
-14.206120456783651
 10
36.07258520286102
 20
-14.163232537341898
 10
36.096850412135744
 20
-14.120178181660108
 10
36.12092600982221
 20
-14.076959415407565
 10
36.14481008267711
 20
-14.033578292417333
 10
36.16850074086994
 20
-13.990036894268613
 10
36.191996118440706
 20
-13.946337329863788
 10
36.21529437374958
 20
-13.902481735000233
 10
36.23839368991877
 20
-13.858472271936925
 10
36.26129227526644
 20
-13.814311128955902
 10
36.283988363732604
 20
-13.770000519918685
 10
36.306480215297135
 20
-13.725542683817649
 10
36.328766116389644
 20
-13.680939884322473
 10
36.350844380291406
 20
-13.636194409321678
 10
36.372713347529185
 20
-13.591308570459361
 10
36.39437138626089
 20
-13.546284702667126
 10
36.41581689265322
 20
-13.501125163691377
 10
36.43704829125101
 20
-13.455832333615916
 10
36.45806403533847
 20
-13.410408614380025
 10
36.4788626072922
 20
-13.364856429292018
 10
36.4994425189259
 20
-13.319178222538369
 10
36.51980231182685
 20
-13.273376458688492
 10
36.539940557684005
 20
-13.227453622195199
 10
36.55985585860786
 20
-13.181412216890958
 10
36.57954684744182
 20
-13.135254765479987
 10
36.59901218806527
 20
-13.088983809026246
 10
36.618250575688116
 20
-13.042601906437477
 10
36.63726073713698
 20
-12.996111633945205
 10
36.65604143113272
 20
-12.94951558458096
 10
36.67459144855972
 20
-12.90281636764866
 10
36.692909612726275
 20
-12.856016608193276
 10
36.71099477961674
 20
-12.809118946465828
 10
36.72884583813479
 20
-12.762126037384856
 10
36.746461710338224
 20
-12.715040549994315
 10
36.763841351665036
 20
-12.667865166918112
 10
36.78098375115083
 20
-12.620602583811225
 10
36.79788793163744
 20
-12.573255508807582
 10
36.81455294997289
 20
-12.525826661964725
 10
36.83097789720256
 20
-12.478318774705318
 10
36.84716189875149
 20
-12.43073458925563
 10
36.86310411459793
 20
-12.383076858081012
 10
36.87880373943802
 20
-12.335348343318477
 10
36.89426000284157
 20
-12.287551816206452
 10
36.90947216939894
 20
-12.239690056511748
 10
36.92443953885901
 20
-12.191765851953857
 10
36.93916144625817
 20
-12.143781997626682
 10
36.953637262040374
 20
-12.095741295417634
 10
36.96786639216811
 20
-12.047646553424368
 10
36.981848278224454
 20
-11.999500585369086
 10
36.99558239750597
 20
-11.951306210010516
 10
37.00906826310664
 20
-11.903066250553682
 10
37.02230542399255
 20
-11.854783534057475
 10
37.035293465067696
 20
-11.806460890840157
 10
37.04803200723035
 20
-11.758101153882837
 10
37.06052070742053
 20
-11.709707158230973
 10
37.07275925865819
 20
-11.661281740394028
 10
37.08474739007212
 20
-11.612827737743292
 10
37.0964848669198
 20
-11.564347987907984
 10
37.10797149059788
 20
-11.515845328169698
 10
37.11920709864346
 20
-11.467322594855187
 10
37.130191564726026
 20
-11.418782622727688
 10
37.14092479863023
 20
-11.370228244376769
 10
37.15140674622919
 20
-11.321662289606719
 10
37.161637389448565
 20
-11.273087584823708
 10
37.17161674622121
 20
-11.224506952421578
 10
37.18134487043254
 20
-11.175923210166511
 10
37.19082185185649
 20
-11.127339170580523
 10
37.20004781608198
 20
-11.078757640323868
 10
37.20902292443008
 20
-11.030181419576467
 10
37.217747373861755
 20
-10.981613301418346
 10
37.22622139687605
 20
-10.933056071209188
 10
37.23444526139888
 20
-10.884512505967043
 10
37.242419270662396
 20
-10.835985373746276
 10
37.25014376307474
 20
-10.787477433014732
 10
37.25761911208046
 20
-10.738991432030303
 10
37.26484572601123
 20
-10.6905301082168
 10
37.27182404792717
 20
-10.642096187539268
 10
37.27855455544857
 20
-10.593692383878832
 10
37.28503776057807
 20
-10.545321398406976
 10
37.29127420951328
 20
-10.496985918959458
 10
37.29726448244982
 20
-10.448688619409804
 10
37.303009193374734
 20
-10.400432159042465
 10
37.308508989850395
 20
-10.35221918192566
 10
37.31376455278861
 20
-10.304052316283956
 10
37.31877659621538
 20
-10.255934173870601
 10
37.32354586702576
 20
-10.207867349339681
 10
37.32807314472918
 20
-10.159854419618066
 10
37.33235924118517
 20
-10.11189794327725
 10
37.3364050003293
 20
-10.064000459905063
 10
37.34021129788952
 20
-10.016164489477289
 10
37.3437790410928
 20
-9.968392531729208
 10
37.34710916836203
 20
-9.920687065527117
 10
37.35020264900329
 20
-9.873050548239755
 10
37.353060482883315
 20
-9.82548541510977
 10
37.3556837000973
 20
-9.777994078625126
 10
37.358073360626946
 20
-9.730578927890525
 10
37.360230553988785
 20
-9.683242327998816
 10
37.36215639887263
 20
-9.635986619402406
 10
37.36385204277052
 20
-9.588814117284656
 10
37.365318661595566
 20
-9.541727110931271
 10
37.36655745929128
 20
-9.494727863101653
 10
37.367569667431
 20
-9.447818609400239
 10
37.36835654480748
 20
-9.401001557647747
 10
37.36891937701281
 20
-9.354278887252377
 10
37.36925947600832
 20
-9.307652748580878
 10
37.36937817968487
 20
-9.26112526232949
 10
37.36927685141314
 20
-9.21469851889472
 10
37.36895687958417
 20
-9.168374577743885
 10
37.368419677140004
 20
-9.122155466785408
 10
37.36766668109454
 20
-9.076043181738816
 10
37.3666993520444
 20
-9.030039685504354
 10
37.36551917367003
 20
-8.984146907532187
 10
37.36412765222689
 20
-8.93836674319111
 10
37.36252631602672
 20
-8.892701053136738
 10
37.360716714908875
 20
-8.847151662678879
 10
37.358700419702004
 20
-8.801720361148517
 10
37.356479021675376
 20
-8.756408901263667
 10
37.3540541319807
 20
-8.711218998494466
 10
37.35142738108386
 20
-8.666152330427245
 10
37.348600418186614
 20
-8.621210536127448
 10
37.34557491063855
 20
-8.57639521550135
 10
37.342352543339
 20
-8.531707928656381
 10
37.33893501812904
 20
-8.487150195259982
 10
37.335324053173515
 20
-8.442723493896802
 10
37.331521382333136
 20
-8.39842926142414
 10
37.32752875452665
 20
-8.354268892325424
 10
37.323347933083035
 20
-8.310243738061603
 10
37.31898069508374
 20
-8.266355106420262
 10
37.31442883069497
 20
-8.22260426086227
 10
37.30969414249013
 20
-8.178992419865773
 10
37.30477844476216
 20
-8.135520756267349
 10
37.29968356282612
 20
-8.092190396600074
 10
37.29441133231167
 20
-8.049002420428307
 10
37.28896359844585
 20
-8.005957859678954
 10
37.283342215325796
 20
-7.963057697968953
 10
37.277549045181644
 20
-7.920302869928734
 10
37.27158595762957
 20
-7.877694260521388
 10
37.26545482891498
 20
-7.83523270435726
 10
37.259157541145974
 20
-7.792918985003654
 10
37.252695981516865
 20
-7.750753834289385
 10
37.24607204152208
 20
-7.708737931603818
 10
37.23928761616036
 20
-7.666871903190091
 10
37.232344603129185
 20
-7.625156321432128
 10
37.22524490200968
 20
-7.583591704135146
 10
37.21799041344198
 20
-7.54217851379922
 10
37.21058303829095
 20
-7.5009171568855315
 10
37.20302467680268
 20
-7.459807983074912
 10
37.19531722775145
 20
-7.4188512845181895
 10
37.18746258757753
 20
-7.378047295078009
 10
37.179462649515706
 20
-7.337396189561534
 10
37.17131930271488
 20
-7.296898082943643
 10
37.16303443134853
 20
-7.256553029580091
 10
37.15460991371648
 20
-7.216361022410111
 10
37.14604762133787
 20
-7.176321992147946
 10
37.13734941803562
 20
-7.136435806462718
 10
37.1285171590125
 20
-7.09670226914609
 10
37.119552689919004
 20
-7.057121119267124
 10
37.110457845913125
 20
-7.017692030313686
 10
37.10123445071246
 20
-6.9784146093197705
 10
37.09188431563868
 20
-6.939288395978108
 10
37.08240923865461
 20
-6.900312861737327
 10
37.072811003394435
 20
-6.86148740888299
 10
37.06309137818699
 20
-6.822811369601757
 10
37.053252115072794
 20
-6.7842840050279065
 10
37.043294948814854
 20
-6.745904504271483
 10
37.03322159590392
 20
-6.707671983427191
 10
37.02303375355841
 20
-6.669585484563246
 10
37.0127330987195
 20
-6.631643974689341
 10
37.00232128704189
 20
-6.593846344702786
 10
36.99179995188078
 20
-6.5561914083119675
 10
36.98117070327554
 20
-6.5186779009361615
 10
36.970435126930795
 20
-6.481304478580725
 10
36.9595947831955
 20
-6.4440697166867515
 10
36.94865120604066
 20
-6.406972108954058
 10
36.93760590203674
 20
-6.37001006613655
 10
36.926460349331194
 20
-6.333181914808909
 10
36.91521599662725
 20
-6.296485896103421
 10
36.90387426216496
 20
-6.259920164415927
 10
36.89243653270522
 20
-6.223482786079712
 10
36.88090416251834
 20
-6.187171738006154
 10
36.869278472377836
 20
-6.150984906291025
 10
36.85756074856113
 20
-6.114920084785143
 10
36.84575224185829
 20
-6.078974973628219
 10
36.83385416659045
 20
-6.0431471777446655
 10
36.821867699639206
 20
-6.007434205300079
 10
36.80979397948904
 20
-5.9718334661171415
 10
36.79763410528432
 20
-5.936342270049717
 10
36.78538913590291
 20
-5.900957825313772
 10
36.77306008904842
 20
-5.865677236773981
 10
36.76064794036339
 20
-5.83049750418458
 10
36.74815362256573
 20
-5.795415520383319
 10
36.73557802461101
 20
-5.760428069437234
 10
36.72292199088315
 20
-5.725531824738956
 10
36.7101863204168
 20
-5.690723347052397
 10
36.697371766153985
 20
-5.65599908250662
 10
36.68447903423886
 20
-5.621355360536733
 10
36.67150878335365
 20
-5.586788391770786
 10
36.658461624099935
 20
-5.55229426586157
 10
36.64533811842907
 20
-5.517868949262387
 10
36.632138779126
 20
-5.483508282946003
 10
36.61886406935134
 20
-5.449207980065882
 10
36.60551440224617
 20
-5.414963623559147
 10
36.59209014060508
 20
-5.380770663690718
 10
36.57859159662283
 20
-5.3466244155382165
 10
36.565019031720354
 20
-5.312520056417511
 10
36.55137265645657
 20
-5.278452623248803
 10
36.53765263053259
 20
-5.244417009863484
 10
36.52385906289503
 20
-5.2104079642522585
 10
36.509992011946345
 20
-5.176420085755167
 10
36.496051485869636
 20
-5.1424478221945655
 10
36.482037443076614
 20
-5.108485466952431
 10
36.46794979278743
 20
-5.07452715599366
 10
36.45378839575166
 20
-5.040566864837593
 10
36.43955306512046
 20
-5.006598405480265
 10
36.42524356748043
 20
-4.972615423270532
 10
36.41085962405987
 20
-4.938611393743788
 10
36.39640091211944
 20
-4.904579619417424
 10
36.38186706653922
 20
-4.870513226553101
 10
36.367257681615136
 20
-4.836405161891446
 10
36.35257231307831
 20
-4.802248189365695
 10
36.33781048035142
 20
-4.768034886801683
 10
36.322971669057125
 20
-4.733757642612478
 10
36.30805533379408
 20
-4.69940865249706
 10
36.293060901196675
 20
-4.6649799161536585
 10
36.27798777329592
 20
-4.630463234019401
 10
36.26283533119865
 20
-4.595850204049504
 10
36.24760293910397
 20
-4.5611322185505525
 10
36.23228994867586
 20
-4.526300461084
 10
36.21689570379163
 20
-4.491345903457853
 10
36.20141954568692
 20
-4.456259302826128
 10
36.1858608185184
 20
-4.421031198917812
 10
36.17021887536539
 20
-4.385651911419184
 10
36.15449308469324
 20
-4.3501115375354615
 10
36.138682837300635
 20
-4.314399949760374
 10
36.122787553774074
 20
-4.2785067938847305
 10
36.106806692472965
 20
-4.242421487277854
 10
36.09073975806842
 20
-4.2061332174787704
 10
36.074586310659775
 20
-4.169630941136987
 10
36.05834597549171
 20
-4.13290338334618
 10
36.04201845329546
 20
-4.095939037417512
 10
36.02560353127629
 20
-4.058726165142907
 10
36.00910109476916
 20
-4.021252797602535
 10
35.9925111395834
 20
-3.983506736574726
 10
35.97583378505544
 20
-3.945475556610511
 10
35.95906928782778
 20
-3.9071466078398522
 10
35.94221805636925
 20
-3.8685070195801314
 10
35.92528066625017
 20
-3.829543704822881
 10
35.908257876182404
 20
-3.7902433656788235
 10
35.89115064483087
 20
-3.7505924998661455
 10
35.873960148399355
 20
-3.71057740833146
 10
35.85668779898858
 20
-3.6701842040975983
 10
35.8393352637192
 20
-3.6293988224368263
 10
35.8219044846063
 20
-3.5882070324723956
 10
35.80439769916532
 20
-3.546594450315441
 10
35.78681746172158
 20
-3.504546553847937
 10
35.769166665387296
 20
-3.46204869926576
 10
35.751448564659945
 20
-3.4190861394986705
 10
35.73366679858663
 20
-3.375644044626065
 10
35.71582541442651
 20
-3.331707524408735
 10
35.69792889173191
 20
-3.2872616530570817
 10
35.679982166755124
 20
-3.242291496355561
 10
35.66199065707313
 20
-3.1967821412609516
 10
35.64396028630822
 20
-3.1507187280885427
 10
35.62589750880471
 20
-3.1040864853950456
 10
35.607809334106186
 20
-3.0568707676598326
 10
35.58970335105875
 20
-3.0090570958569414
 10
35.57158775134765
 20
-2.96063120099854
 10
35.55347135225507
 20
-2.9115790707164613
 10
35.53536361840792
 20
-2.8618869989314173
 10
35.51727468226405
 20
-2.811541638639489
 10
35.49921536306676
 20
-2.760530057822462
 10
35.481197183977855
 20
-2.708839798461944
 10
35.463232387081504
 20
-2.656458938607154
 10
35.445333945934806
 20
-2.603376157412789
 10
35.427515575325245
 20
-2.549580803025875
 10
35.409791737882685
 20
-2.495062963159674
 10
35.392177647183594
 20
-2.439813538148189
 10
35.374689266978116
 20
-2.3838243162267188
 10
35.35734330616851
 20
-2.327088050733116
 10
35.340157209168915
 20
-2.269598538870308
 10
35.32314914128379
 20
-2.2113507016145335
 10
35.306337968755805
 20
-2.1523406642961582
 10
35.28974323315312
 20
-2.0925658373209632
 10
35.27338511979332
 20
-2.0320249964411787
 10
35.257284419935075
 20
-1.9707183619278505
 10
35.241462486511
 20
-1.9086476759402644
 10
35.225941183226126
 20
-1.845816277336386
 10
35.210742826904536
 20
-1.782229173120645
 10
35.195890123034246
 20
-1.7178931056843099
 10
35.181406094535646
 20
-1.652816614960928
 10
35.167314003861115
 20
-1.5870100945951122
 10
35.15363726862335
 20
-1.5204858412104454
 10
35.140399371044765
 20
-1.453258095862036
 10
35.12762376162048
 20
-1.3853430767725163
 10
35.11533375749004
 20
-1.3167590024794993
 10
35.1035524361173
 20
-1.2475261045668347
 10
35.09230252498066
 20
-1.1776666292135403
 10
35.08160628807695
 20
-1.1072048268734833
 10
35.0714854101365
 20
-1.0361669294941693
 10
35.061960879534546
 20
-0.9645811147959059
 10
35.053052870960926
 20
-0.8924774572609462
 10
35.0447806289741
 20
-0.8198878656245767
 10
35.037162353615244
 20
-0.7468460068159708
 10
35.03021508928961
 20
-0.6733872164614796
 10
35.023954618136116
 20
-0.5995483962357381
 10
35.01839535909901
 20
-0.5253678985234318
 10
35.01355027388696
 20
-0.4508853990314975
 10
35.00943078095515
 20
-0.37614175816652734
 10
35.006046678574066
 20
-0.3011788721599087
 10
35.003406077956654
 20
-0.22603951507992617
 10
35.00151534730281
 20
-0.15076717301349682
 10
35.00037906749084
 20
-0.07540587182454704
 10
35.0
 20
-1.469576158976824e-14
  0
CIRCLE
  5
35
330
17
100
AcDbEntity
  8
Center
100
AcDbCircle
 10
40.0
 20
0.0
 30
0.0
 40
5.0
  0
CIRCLE
  5
36
330
17
100
AcDbEntity
  8
Center
100
AcDbCircle
 10
32.3606797749979
 20
23.511410091698927
 30
0.0
 40
5.0
  0
CIRCLE
  5
37
330
17
100
AcDbEntity
  8
Center
100
AcDbCircle
 10
12.360679774997898
 20
38.04226065180614
 30
0.0
 40
5.0
  0
CIRCLE
  5
38
330
17
100
AcDbEntity
  8
Center
100
AcDbCircle
 10
-12.360679774997894
 20
38.042260651806146
 30
0.0
 40
5.0
  0
CIRCLE
  5
39
330
17
100
AcDbEntity
  8
Center
100
AcDbCircle
 10
-32.36067977499789
 20
23.51141009169893
 30
0.0
 40
5.0
  0
CIRCLE
  5
3A
330
17
100
AcDbEntity
  8
Center
100
AcDbCircle
 10
-40.0
 20
4.898587196589413e-15
 30
0.0
 40
5.0
  0
CIRCLE
  5
3B
330
17
100
AcDbEntity
  8
Center
100
AcDbCircle
 10
-32.3606797749979
 20
-23.51141009169892
 30
0.0
 40
5.0
  0
CIRCLE
  5
3C
330
17
100
AcDbEntity
  8
Center
100
AcDbCircle
 10
-12.360679774997902
 20
-38.04226065180614
 30
0.0
 40
5.0
  0
CIRCLE
  5
3D
330
17
100
AcDbEntity
  8
Center
100
AcDbCircle
 10
12.36067977499789
 20
-38.042260651806146
 30
0.0
 40
5.0
  0
CIRCLE
  5
3E
330
17
100
AcDbEntity
  8
Center
100
AcDbCircle
 10
32.36067977499789
 20
-23.511410091698934
 30
0.0
 40
5.0
  0
CIRCLE
  5
3F
330
17
100
AcDbEntity
  8
Eccentric
100
AcDbCircle
 10
2.0
 20
0.0
 30
0.0
 40
7.0
  0
CIRCLE
  5
40
330
17
100
AcDbEntity
  8
DriveCircle
100
AcDbCircle
 10
0.0
 20
0.0
 30
0.0
 40
5.0
  0
CIRCLE
  5
41
330
17
100
AcDbEntity
  8
Pins
100
AcDbCircle
 10
20.0
 20
0.0
 30
0.0
 40
5.0
  0
CIRCLE
  5
42
330
17
100
AcDbEntity
  8
Pins
100
AcDbCircle
 10
10.000000000000002
 20
17.32050807568877
 30
0.0
 40
5.0
  0
CIRCLE
  5
43
330
17
100
AcDbEntity
  8
Pins
100
AcDbCircle
 10
-9.999999999999996
 20
17.320508075688775
 30
0.0
 40
5.0
  0
CIRCLE
  5
44
330
17
100
AcDbEntity
  8
Pins
100
AcDbCircle
 10
-20.0
 20
2.4492935982947065e-15
 30
0.0
 40
5.0
  0
CIRCLE
  5
45
330
17
100
AcDbEntity
  8
Pins
100
AcDbCircle
 10
-10.000000000000009
 20
-17.320508075688767
 30
0.0
 40
5.0
  0
CIRCLE
  5
46
330
17
100
AcDbEntity
  8
Pins
100
AcDbCircle
 10
10.000000000000002
 20
-17.32050807568877
 30
0.0
 40
5.0
  0
CIRCLE
  5
47
330
17
100
AcDbEntity
  8
Cycloid
100
AcDbCircle
 10
22.0
 20
0.0
 30
0.0
 40
7.0
  0
CIRCLE
  5
48
330
17
100
AcDbEntity
  8
Cycloid
100
AcDbCircle
 10
12.000000000000002
 20
17.32050807568877
 30
0.0
 40
7.0
  0
CIRCLE
  5
49
330
17
100
AcDbEntity
  8
Cycloid
100
AcDbCircle
 10
-7.9999999999999964
 20
17.320508075688775
 30
0.0
 40
7.0
  0
CIRCLE
  5
4A
330
17
100
AcDbEntity
  8
Cycloid
100
AcDbCircle
 10
-18.0
 20
2.4492935982947065e-15
 30
0.0
 40
7.0
  0
CIRCLE
  5
4B
330
17
100
AcDbEntity
  8
Cycloid
100
AcDbCircle
 10
-8.000000000000009
 20
-17.320508075688767
 30
0.0
 40
7.0
  0
CIRCLE
  5
4C
330
17
100
AcDbEntity
  8
Cycloid
100
AcDbCircle
 10
12.000000000000002
 20
-17.32050807568877
 30
0.0
 40
7.0
  0
ENDSEC
  0
SECTION
  2
OBJECTS
  0
DICTIONARY
  5
A
330
0
100
AcDbDictionary
281
1
  3
ACAD_COLOR
350
B
  3
ACAD_GROUP
350
C
  3
ACAD_LAYOUT
350
D
  3
ACAD_MATERIAL
350
E
  3
ACAD_MLEADERSTYLE
350
F
  3
ACAD_MLINESTYLE
350
10
  3
ACAD_PLOTSETTINGS
350
11
  3
ACAD_PLOTSTYLENAME
350
12
  3
ACAD_SCALELIST
350
14
  3
ACAD_TABLESTYLE
350
15
  3
ACAD_VISUALSTYLE
350
16
  3
EZDXF_META
350
2D
  0
DICTIONARY
  5
B
330
A
100
AcDbDictionary
281
1
  0
DICTIONARY
  5
C
330
A
100
AcDbDictionary
281
1
  0
DICTIONARY
  5
D
330
A
100
AcDbDictionary
281
1
  3
Model
350
1A
  3
Layout1
350
1E
  0
DICTIONARY
  5
E
330
A
100
AcDbDictionary
281
1
  3
ByBlock
350
1F
  3
ByLayer
350
20
  3
Global
350
21
  0
DICTIONARY
  5
F
330
A
100
AcDbDictionary
281
1
  3
Standard
350
2C
  0
DICTIONARY
  5
10
330
A
100
AcDbDictionary
281
1
  3
Standard
350
22
  0
DICTIONARY
  5
11
330
A
100
AcDbDictionary
281
1
  0
ACDBDICTIONARYWDFLT
  5
12
330
A
100
AcDbDictionary
281
1
  3
Normal
350
13
100
AcDbDictionaryWithDefault
340
13
  0
ACDBPLACEHOLDER
  5
13
330
12
  0
DICTIONARY
  5
14
330
A
100
AcDbDictionary
281
1
  0
DICTIONARY
  5
15
330
A
100
AcDbDictionary
281
1
  0
DICTIONARY
  5
16
330
A
100
AcDbDictionary
281
1
  0
LAYOUT
  5
1A
330
D
100
AcDbPlotSettings
  1

  4
A3
  6

 40
7.5
 41
20.0
 42
7.5
 43
20.0
 44
420.0
 45
297.0
 46
0.0
 47
0.0
 48
0.0
 49
0.0
140
0.0
141
0.0
142
1.0
143
1.0
 70
1024
 72
1
 73
0
 74
5
  7

 75
16
 76
0
 77
2
 78
300
147
1.0
148
0.0
149
0.0
100
AcDbLayout
  1
Model
 70
1
 71
0
 10
0.0
 20
0.0
 11
420.0
 21
297.0
 12
0.0
 22
0.0
 32
0.0
 14
1e+20
 24
1e+20
 34
1e+20
 15
-1e+20
 25
-1e+20
 35
-1e+20
146
0.0
 13
0.0
 23
0.0
 33
0.0
 16
1.0
 26
0.0
 36
0.0
 17
0.0
 27
1.0
 37
0.0
 76
1
330
17
  0
LAYOUT
  5
1E
330
D
100
AcDbPlotSettings
  1

  4
A3
  6

 40
7.5
 41
20.0
 42
7.5
 43
20.0
 44
420.0
 45
297.0
 46
0.0
 47
0.0
 48
0.0
 49
0.0
140
0.0
141
0.0
142
1.0
143
1.0
 70
0
 72
1
 73
0
 74
5
  7

 75
16
 76
0
 77
2
 78
300
147
1.0
148
0.0
149
0.0
100
AcDbLayout
  1
Layout1
 70
1
 71
1
 10
0.0
 20
0.0
 11
420.0
 21
297.0
 12
0.0
 22
0.0
 32
0.0
 14
1e+20
 24
1e+20
 34
1e+20
 15
-1e+20
 25
-1e+20
 35
-1e+20
146
0.0
 13
0.0
 23
0.0
 33
0.0
 16
1.0
 26
0.0
 36
0.0
 17
0.0
 27
1.0
 37
0.0
 76
1
330
1B
  0
MATERIAL
  5
1F
102
{ACAD_REACTORS
330
E
102
}
330
E
100
AcDbMaterial
  1
ByBlock
  2

 70
0
 40
1.0
 71
1
 41
1.0
 91
-1023410177
 42
1.0
 72
1
  3

 73
1
 74
1
 75
1
 44
0.5
 73
0
 45
1.0
 46
1.0
 77
1
  4

 78
1
 79
1
170
1
 48
1.0
171
1
  6

172
1
173
1
174
1
140
1.0
141
1.0
175
1
  7

176
1
177
1
178
1
143
1.0
179
1
  8

270
1
271
1
272
1
145
1.0
146
1.0
273
1
  9

274
1
275
1
276
1
 42
1.0
 72
1
  3

 73
1
 74
1
 75
1
 94
63
  0
MATERIAL
  5
20
102
{ACAD_REACTORS
330
E
102
}
330
E
100
AcDbMaterial
  1
ByLayer
  2

 70
0
 40
1.0
 71
1
 41
1.0
 91
-1023410177
 42
1.0
 72
1
  3

 73
1
 74
1
 75
1
 44
0.5
 73
0
 45
1.0
 46
1.0
 77
1
  4

 78
1
 79
1
170
1
 48
1.0
171
1
  6

172
1
173
1
174
1
140
1.0
141
1.0
175
1
  7

176
1
177
1
178
1
143
1.0
179
1
  8

270
1
271
1
272
1
145
1.0
146
1.0
273
1
  9

274
1
275
1
276
1
 42
1.0
 72
1
  3

 73
1
 74
1
 75
1
 94
63
  0
MATERIAL
  5
21
102
{ACAD_REACTORS
330
E
102
}
330
E
100
AcDbMaterial
  1
Global
  2

 70
0
 40
1.0
 71
1
 41
1.0
 91
-1023410177
 42
1.0
 72
1
  3

 73
1
 74
1
 75
1
 44
0.5
 73
0
 45
1.0
 46
1.0
 77
1
  4

 78
1
 79
1
170
1
 48
1.0
171
1
  6

172
1
173
1
174
1
140
1.0
141
1.0
175
1
  7

176
1
177
1
178
1
143
1.0
179
1
  8

270
1
271
1
272
1
145
1.0
146
1.0
273
1
  9

274
1
275
1
276
1
 42
1.0
 72
1
  3

 73
1
 74
1
 75
1
 94
63
  0
MLINESTYLE
  5
22
102
{ACAD_REACTORS
330
10
102
}
330
10
100
AcDbMlineStyle
  2
Standard
 70
0
  3

 62
256
 51
90.0
 52
90.0
 71
2
 49
0.5
 62
256
  6
BYLAYER
 49
-0.5
 62
256
  6
BYLAYER
  0
MLEADERSTYLE
  5
2C
102
{ACAD_REACTORS
330
F
102
}
330
F
100
AcDbMLeaderStyle
179
2
170
2
171
1
172
0
 90
2
 40
0.0
 41
0.0
173
1
 91
-1056964608
 92
-2
290
1
 42
2.0
291
1
 43
8.0
  3
Standard
 44
4.0
300

342
29
174
1
175
1
176
0
178
1
 93
-1056964608
 45
4.0
292
0
297
0
 46
4.0
 94
-1056964608
 47
1.0
 49
1.0
140
1.0
294
1
141
0.0
177
0
142
1.0
295
0
296
0
143
3.75
271
0
272
9
273
9
  0
DICTIONARY
  5
2D
330
A
100
AcDbDictionary
280
1
281
1
  3
CREATED_BY_EZDXF
350
2E
  3
WRITTEN_BY_EZDXF
350
4F
  0
DICTIONARYVAR
  5
2E
330
2D
100
DictionaryVariables
280
0
  1
1.4.4 @ 2026-05-27T10:53:19.196904+00:00
  0
DICTIONARYVAR
  5
4F
330
2D
100
DictionaryVariables
280
0
  1
1.4.4 @ 2026-05-27T10:53:19.216241+00:00
  0
ENDSEC
  0
EOF
